boi,titulo,album,ano,compositor,tamanho_letra_chars,fonte_metadado,url
Caprichoso,Tocaia,Amazônia Tawàpayêra,2014,"Waltinho, Lindolfo Moreira, Felipe Sicsu, Adriano Aguiar",1065,,https://www.letras.mus.br/caprichoso-boi-bumba/tocaia/
Caprichoso,Trilha do Curupira,Brinquedo Que Canta Seu Chão,2026,"Ronaldo Barbosa, Ronaldo Barbosa Jr.",1347,,https://www.letras.mus.br/caprichoso-boi-bumba/trilha-do-curupira/
Caprichoso,Eu Escolhi Ser Caprichoso,Brinquedo Que Canta Seu Chão,2026,"Arlen Barbosa, Heider Elamide, Edval Machado Júnior",384,,https://www.letras.mus.br/caprichoso-boi-bumba/eu-escolhi-ser-caprichoso/
Caprichoso,Brinquedo Que Canta Seu Chão,Brinquedo Que Canta Seu Chão,2026,Adriano Aguiar,1384,,https://www.letras.mus.br/caprichoso-boi-bumba/brinquedo-que-canta-seu-chao/
Caprichoso,É Hoje!,Brinquedo Que Canta Seu Chão,2026,"Vanessa Aguiar, Adriano Aguiar, Netinho Lins",599,,https://www.letras.mus.br/caprichoso-boi-bumba/e-hoje/
Caprichoso,Caprichoso Amor da Minha Vida,O Centenário de Uma Paixão,2013,"Mauricio Filho, Ademar Azevedo",623,,https://www.letras.mus.br/caprichoso-boi-bumba/caprichoso-amor-da-minha-vida/
Caprichoso,Meu Amor é Caprichoso,Amazônia Cabocla de Alma Indigena,2002,Chico da Silva,757,,https://www.letras.mus.br/caprichoso-boi-bumba/meu-amor-e-caprichoso/
Caprichoso,Sentimento Porreta,"Terra: Nosso Corpo, Nosso Espírito 2",2021,"Edmundo Oran, Caetano Medeiros, Sinny Lopes",1095,,https://www.letras.mus.br/caprichoso-boi-bumba/sentimento-porreta/
Caprichoso,Guerreira Das Lutas,Amazônia: Nossa Luta Em Poesia,2022,"Frank Ricardo, Judson Souza, Marcley Pantoja, Klinger Lyra",1588,,https://www.letras.mus.br/caprichoso-boi-bumba/guerreira-das-lutas/
Caprichoso,Pesadelo Dos Navegantes,Criação Cabocla,1996,Ronaldo Barbosa,985,,https://www.letras.mus.br/caprichoso-boi-bumba/1251399/
Caprichoso,O Amor Está No Ar,"Terra: Nosso Corpo, Nosso Espírito",2020,Chico da Silva,771,,https://www.letras.mus.br/caprichoso-boi-bumba/o-amor-esta-no-ar/
Caprichoso,Málúù Dúdú – Boi Preto,,,"Adriano Aguiar, Gean Souza, Tomaz Miranda",2116,,https://www.letras.mus.br/caprichoso-boi-bumba/maluu-dudu-boi-preto-2/
Caprichoso,Sensibilidade,Viva a Cultura Popular!,2012,"Geovane Bastos, Adriano Aguiar",913,,https://www.letras.mus.br/caprichoso-boi-bumba/sensibilidade/
Caprichoso,Chamada do Boi 2023 / Pode Avisar!, O Brado do Povo Guerreiro,2023,"Adriano Aguiar, Erick Nakanome",2001,,https://www.letras.mus.br/caprichoso-boi-bumba/chamada-do-boi-2023-pode-chamar/
Caprichoso,Chegada do Meu Boi,Criação Cabocla,1996,Adriano Aguiar,708,,https://www.letras.mus.br/caprichoso-boi-bumba/1712494/
Caprichoso,Encandeia,Brinquedo Que Canta Seu Chão,2026,"Paulo Sérgio, Adriano Aguiar, Kaic Melo",1342,,https://www.letras.mus.br/caprichoso-boi-bumba/encandeia/
Caprichoso,Saga de Um Canoeiro,Caprichoso (1994),1994,Ronaldo Barbosa,802,,https://www.letras.mus.br/caprichoso-boi-bumba/saga-de-um-canoeiro/
Caprichoso,O Couro Vai Comer,É Tempo de Retomada,2025,"Adriana Cidade, Yomarley Holanda, Lenart Mustaffa",1707,,https://www.letras.mus.br/caprichoso-boi-bumba/o-couro-vai-comer/
Caprichoso,Amazônia Nas Cores do Brasil,Amazônia,2015,Adriano Aguiar,1803,,https://www.letras.mus.br/caprichoso-boi-bumba/amazonia-nas-cores-do-brasil/
Caprichoso,Rostinho de Anjo,Faz da Arte Sua História,1999,"Mailzon Mendes, Álceo Anselmo",490,,https://www.letras.mus.br/caprichoso-boi-bumba/219073/
Caprichoso,Ritmo Quente,O Boi de Parintins,1997,"Mailzon Mendes, Alex Pontes",331,,https://www.letras.mus.br/caprichoso-boi-bumba/1251401/
Caprichoso,Caprichoso – Rei do Quilombo,É Tempo de Retomada,2025,"Uendel Pinheiro, Saullo Vianna, Adriano Aguiar",1228,,https://www.letras.mus.br/caprichoso-boi-bumba/caprichoso-rei-do-quilombo/
Caprichoso,Boitatá,,,Jorge Miranda,550,,https://www.letras.mus.br/caprichoso-boi-bumba/1969089/
Caprichoso,Cunhã Tribal,A Poética do Imaginário Caboclo,2017,,611,,https://www.letras.mus.br/caprichoso-boi-bumba/cunha-tribal/
Caprichoso,Málúù Dúdú - Boi Preto,Cultura - o Triunfo do Povo,2024,"Adriano Aguiar, Gean Souza, Tomaz Miranda",2108,,https://www.letras.mus.br/caprichoso-boi-bumba/maluu-dudu-boi-preto/
Caprichoso,Mothokari,Cultura - o Triunfo do Povo,2024,"Ronaldo Barbosa, Ronaldo Barbosa Júnior",1262,,https://www.letras.mus.br/caprichoso-boi-bumba/mothokari/
Caprichoso,Eu Te Amo Caprichoso,O Canto da Floresta,2010,Cezar Moraes,597,,https://www.letras.mus.br/caprichoso-boi-bumba/1671023/
Caprichoso,Canto da Yara,85 Anos de Cultura,1998,Ronaldo Barbosa,521,,https://www.letras.mus.br/caprichoso-boi-bumba/998745/
Caprichoso,Vento Norte,Criação Cabocla,1996,"José Augusto Cardoso, Ariosto Braga",485,,https://www.letras.mus.br/caprichoso-boi-bumba/945183/
Caprichoso,Viva a Cultura Popular!,Viva a Cultura Popular!,2012,"Guto Kawakami, Geovane Bastos, Adriano Aguiar",2031,,https://www.letras.mus.br/caprichoso-boi-bumba/viva-a-cultura-popular-2012/
Caprichoso,Leveza de Sinhá,,,"Guto Kawakami, Gabriel Moraes, André Anzoategui",617,,https://www.letras.mus.br/caprichoso-boi-bumba/leveza-de-sinha/
Caprichoso,Réquiem (Prece aos Espíritos),Criação Cabocla,1996,Ronaldo Barbosa,580,,https://www.letras.mus.br/caprichoso-boi-bumba/requiem/
Caprichoso,Amantes Feiticeiras,Brinquedo Que Canta Seu Chão,2026,,1388,,https://www.letras.mus.br/caprichoso-boi-bumba/amantes-feiticeiras/
Caprichoso,"Amazônia, Catedral Verde",O Boi de Parintins,1997,"Ronaldo Barbosa, Simão Assayag",676,,https://www.letras.mus.br/caprichoso-boi-bumba/967468/
Caprichoso,Lá Vem o Boi,Brinquedo Que Canta Seu Chão,2026,"Neil Armstong, Adriano Aguiar, Alex Cavalcanti Júnior, Fabiano Neves, Wagner Alan Moreira",570,,https://www.letras.mus.br/caprichoso-boi-bumba/la-vem-o-boi/
Caprichoso,Profética,O Centenário de Uma Paixão,2013,Adriano Aguiar,837,,https://www.letras.mus.br/caprichoso-boi-bumba/profetica/
Caprichoso,Rainha do Povo Caprichoso,,,"Gustavo Aquino, Bruce Bulcão, Daia Aquino, Karla Cristina, Susi Simas, Alan Redig",757,,https://www.letras.mus.br/caprichoso-boi-bumba/rainha-do-povo-caprichoso/
Caprichoso,Negro da América,A Terra É Azul,2000,"Robson Jr., Jango",423,,https://www.letras.mus.br/caprichoso-boi-bumba/968120/
Caprichoso,Povo do Céu,Brinquedo Que Canta Seu Chão,2026,"Ronaldo Barbosa, Ronaldo Barbosa Jr.",1804,,https://www.letras.mus.br/caprichoso-boi-bumba/povo-do-ceu/
Caprichoso,Povo do Norte,Brinquedo Que Canta Seu Chão,2026,Celso Sabino e Saullo Vianna,718,,https://www.letras.mus.br/caprichoso-boi-bumba/povo-do-norte/
Caprichoso,Bicho-homem,85 Anos de Cultura,1998,Ronaldo Barbosa,572,,https://www.letras.mus.br/caprichoso-boi-bumba/bicho-homem/
Caprichoso,Tribos Brasil,Amazônia,2015,"Romildo Freitas, Paulinho Medeiros, Joel Maklouf, Carlos Kaita, Alexandre Azevedo",659,,https://www.letras.mus.br/caprichoso-boi-bumba/tribos-brasil/
Caprichoso,A Festa do Boto,O Canto da Floresta,2010,"Michael Trindade, Geovane Bastos, Adriano Aguiar",808,,https://www.letras.mus.br/caprichoso-boi-bumba/1671033/
Caprichoso,Lendária Boitatá,Sabedoria Popular: Uma Revolução Ancestral,2018,"Saullo Viana, Ligiane Gaspar, Luanita Rangel, Marcos Becil",648,,https://www.letras.mus.br/caprichoso-boi-bumba/lendaria-boitata/
Caprichoso,Utopia Cabocla,O Eldorado é Aqui,2007,"Zé Renato, Augusto Lobato",887,,https://www.letras.mus.br/caprichoso-boi-bumba/1190608/
Caprichoso,Brasil - Terra Indígena, O Brado do Povo Guerreiro,2023,"Gerlean Brasil, Saimon Andrade, Kássia Muniz",1176,,https://www.letras.mus.br/caprichoso-boi-bumba/brasil-terra-indigena/
Caprichoso,Dança Dos Tuxauas,Um Canto de Esperança Para Mátria Brasilis,2019,"Moisés Colares, Frank Azevedo, Raurisson",608,,https://www.letras.mus.br/caprichoso-boi-bumba/danca-dos-tuxauas/
Caprichoso,Maracás do Rio Negro,Amazônia Tawàpayêra,2014,Ronaldo Barbosa,731,,https://www.letras.mus.br/caprichoso-boi-bumba/maracas-do-rio-negro/
Caprichoso,Ninguém Gosta Mais Desse Boi do Que Eu,Cultura Cabocla,1989,Carlos Paulain,669,,https://www.letras.mus.br/caprichoso-boi-bumba/1251400/
Caprichoso,A Cor do Meu País,A Magia Que Encanta,2011,"Suammy Patrocínio, Adriano Aguiar",1227,,https://www.letras.mus.br/caprichoso-boi-bumba/1855892/
Caprichoso,Caprichoso Por Inteiro,O Canto da Floresta,2010,Cezar Moraes,695,,https://www.letras.mus.br/caprichoso-boi-bumba/1671032/
Caprichoso,Ferrão de Fogo,Brinquedo Que Canta Seu Chão,2026,"Elton Junior, Aldamir Sateré, Josias Sateré",1218,,https://www.letras.mus.br/caprichoso-boi-bumba/ferrao-de-fogo/
Caprichoso,Paixão de Torcedor,Amazônia,2015,,860,,https://www.letras.mus.br/caprichoso-boi-bumba/paixao-de-torcedor/
Caprichoso,Deusa do Amor (2007),O Eldorado é Aqui,2007,"Elton Junior, Adriano Fonseca, Adriano Aguiar",937,,https://www.letras.mus.br/caprichoso-boi-bumba/1032053/
Caprichoso,Estrela Colibri,Brinquedo Que Canta Seu Chão,2026,"Leonardo Nogueira, Edval Machado Júnior, Elmar Nascimento",359,,https://www.letras.mus.br/caprichoso-boi-bumba/estrela-colibri/
Caprichoso,Povo Festeiro da Ilha,A Poética do Imaginário Caboclo,2017,Adriano Aguiar,800,,https://www.letras.mus.br/caprichoso-boi-bumba/povo-festeiro-da-ilha/
Caprichoso,Somos Marujada de Guerra,Viva Parintins!,2016,"Joel Maklouf, Dodozinho Carvalho, Carlos Kaita",1369,,https://www.letras.mus.br/caprichoso-boi-bumba/somos-marujada-de-guerra/
Caprichoso,Vale do Javari,Criação Cabocla,1996,"Ronaldo Barbosa, João Melo Faria",2114,,https://www.letras.mus.br/caprichoso-boi-bumba/968029/
Caprichoso,É Festa de Novo!,Amazônia: Nossa Luta Em Poesia,2022,"Adriano Aguiar, Ericky Nakanome",1898,,https://www.letras.mus.br/caprichoso-boi-bumba/e-festa-de-novo/
Caprichoso,Sinhazinha da Fazenda,Amor e Paixão,2001,,404,,https://www.letras.mus.br/caprichoso-boi-bumba/sinhazinha-da-fazenda/
Caprichoso,Encantaria Arapiuns,É Tempo de Retomada,2025,Geovane Bastos,982,,https://www.letras.mus.br/caprichoso-boi-bumba/encantaria-arapiuns/
Caprichoso,Evolução de Cores II,"As Cem Toadas da Nossa História, Vol. 4",2013,Ronaldo Barbosa,671,,https://www.letras.mus.br/caprichoso-boi-bumba/219069/
Caprichoso,"Palmares, Uma Invasão Caprichoso",É Tempo de Retomada,2025,"Vanessa Aguiar, Edval Machado, Adriano Aguiar",840,,https://www.letras.mus.br/caprichoso-boi-bumba/palmares-uma-invasao-caprichoso/
Caprichoso,Rainha Das Rainhas,,,Boi Caprichoso,777,,https://www.letras.mus.br/caprichoso-boi-bumba/rainha-das-rainhas/
Caprichoso,Sentimento Caprichoso,O Canto da Floresta,2010,"Michael Trindade, Geovane Bastos, Adriano Aguiar",1432,,https://www.letras.mus.br/caprichoso-boi-bumba/1671026/
Caprichoso,Toque do Trovão,Brinquedo Que Canta Seu Chão,2026,Pedro Kanan,685,,https://www.letras.mus.br/caprichoso-boi-bumba/toque-do-trovao/
Caprichoso,Turbilhão Azul,A Magia Que Encanta,2011,"Rozinaldo Carneiro, Geovane Bastos, Adriano Aguiar",510,,https://www.letras.mus.br/caprichoso-boi-bumba/1855896/
Caprichoso,Aplica Petché,Viva a Cultura Popular!,2012,Rozinaldo Carneiro,936,,https://www.letras.mus.br/caprichoso-boi-bumba/aplica-petche/
Caprichoso,Até o Tucupi de Amor (Demo),,,,863,,https://www.letras.mus.br/caprichoso-boi-bumba/ate-o-tucupi-de-amor-demo/
Caprichoso,Boiúna,A Magia Que Encanta,2011,"Naldo Kawakami, Ligiane Gaspar, Guto Kawakami",626,,https://www.letras.mus.br/caprichoso-boi-bumba/1855907/
Caprichoso,Candelabros Azuis,Faz da Arte Sua História,1999,Ronaldo Barbosa,543,,https://www.letras.mus.br/caprichoso-boi-bumba/219066/
Caprichoso,Deusa da Cultura Popular,Amazônia: Nossa Luta Em Poesia,2022,"Igor Medeiros, Amaury Vasconcelos, Gean Souza, Victtor Schaefer",1826,,https://www.letras.mus.br/caprichoso-boi-bumba/deusa-da-cultura-popular/
Caprichoso,Espadas E Clarins,85 Anos de Cultura,1998,Ronaldo Barbosa,640,,https://www.letras.mus.br/caprichoso-boi-bumba/967477/
Caprichoso,Málúù Dúdú – Boi Preto,,,"Adriano Aguiar, Gean Souza, Tomaz Miranda",1074,,https://www.letras.mus.br/caprichoso-boi-bumba/maluu-dudu-boi-preto-3/
Caprichoso,Rainha do Povo Azulado,Um Canto de Esperança Para Mátria Brasilis,2019,,841,,https://www.letras.mus.br/caprichoso-boi-bumba/rainha-do-povo-azulado/
Caprichoso,Ritual da Vida,85 Anos de Cultura,1998,Ronaldo Barbosa,441,,https://www.letras.mus.br/caprichoso-boi-bumba/967482/
Caprichoso,Waiá-toré,Um Canto de Esperança Para Mátria Brasilis,2019,Ronaldo Barbosa Júnior,1609,,https://www.letras.mus.br/caprichoso-boi-bumba/waia-tore/
Caprichoso,A Deusa e o Estandarte,,,"Frank Azevedo, Christine Rondon, Oberdan Bastos",796,,https://www.letras.mus.br/caprichoso-boi-bumba/a-deusa-e-o-estandarte/
Caprichoso,Balanço Popular,Viva a Cultura Popular!,2012,"Lindolfo Moreira, Felipe Sicsu, Adriano Aguiar",1097,,https://www.letras.mus.br/caprichoso-boi-bumba/balanco-popular/
Caprichoso,Consagrada Cunhã,,,"Luiz Carlos, Roberto Jr., Victoria Maciel, Flaécio Pereira, Nis dos Anjos",923,,https://www.letras.mus.br/caprichoso-boi-bumba/consagrada-cunha/
Caprichoso,Cunhã-Poranga,A Arte de Folclorear,1992,"Ruy Machado, Mailzon Mendes, Andréa Pontes",608,,https://www.letras.mus.br/caprichoso-boi-bumba/219067/
Caprichoso,Eu Sou a Lenda,"Amazonas, Onde o Verde Encontra o Azul",2009,,803,,https://www.letras.mus.br/caprichoso-boi-bumba/1502952/
Caprichoso,Farinhada,Viva a Cultura Popular!,2012,"Erik Vicente, Toty Navegante",602,,https://www.letras.mus.br/caprichoso-boi-bumba/farinhada/
Caprichoso,Garanpino,Amazônia,2015,"Vanessa Aguiar, Carlos Kaita, Alquiza Maria, Adriano Aguiar",687,,https://www.letras.mus.br/caprichoso-boi-bumba/garanpino/
Caprichoso,O Cativo,A Poética do Imaginário Caboclo,2017,Ronaldo Barbosa Jr.,674,,https://www.letras.mus.br/caprichoso-boi-bumba/o-cativo/
Caprichoso,Surdão do Bacuri,Brinquedo Que Canta Seu Chão,2026,"Pedro Neto, Bruno Oliveira, Bruce Bulcão",363,,https://www.letras.mus.br/caprichoso-boi-bumba/surdao-do-bacuri/
Caprichoso,Yurupari - O Legislador,É Tempo de Retomada,2025,"Ronaldo Barbosa, Ronaldo Barbosa Jr.",1464,,https://www.letras.mus.br/caprichoso-boi-bumba/yurupari-o-legislador/
Caprichoso,Boto Romanceiro,Sabedoria Popular: Uma Revolução Ancestral,2018,"Ronaldo Barbosa, Simão Assayag",726,,https://www.letras.mus.br/caprichoso-boi-bumba/boto-romanceiro/
Caprichoso,Deusas da Guerra,Sabedoria Popular: Uma Revolução Ancestral,2018,"Geovane Bastos, Pedro Salviano Neto",653,,https://www.letras.mus.br/caprichoso-boi-bumba/deusas-da-guerra/
Caprichoso,Filhas de Mani,Brinquedo Que Canta Seu Chão,2026,,1463,,https://www.letras.mus.br/caprichoso-boi-bumba/filhas-de-mani/
Caprichoso,O Centenário de Uma Paixão,O Centenário de Uma Paixão,2013,"Guto Kawakami, Geovane Bastos, Adriano Aguiar",968,,https://www.letras.mus.br/caprichoso-boi-bumba/o-centenario-de-uma-paixao/
Caprichoso,Paixão Azul,O Eldorado é Aqui,2007,"Silvio Camaleão, Neil Armstrong, Hugo Levy",607,,https://www.letras.mus.br/caprichoso-boi-bumba/1004496/
Caprichoso,Paixão de Uma Nação,O Centenário de Uma Paixão,2013,Adriano Aguiar,730,,https://www.letras.mus.br/caprichoso-boi-bumba/paixao-de-uma-nacao/
Caprichoso,Tamba Tajá,90 Anos de Raízes e Tradição,2003,"Silvio Camaleão, Neil Armstrong, Hugo Levy",827,,https://www.letras.mus.br/caprichoso-boi-bumba/967485/
Caprichoso,Táwapayêra,Amazônia Tawàpayêra,2014,Paulinho Du Sagrado,1101,,https://www.letras.mus.br/caprichoso-boi-bumba/tawapayera/
Caprichoso,Trilhas de Xapuri,É Tempo de Retomada,2025,"Ademar Azevedo, Marcelo Matos",1025,,https://www.letras.mus.br/caprichoso-boi-bumba/trilhas-de-xapuri/
Caprichoso,Yreruá - A Festa do Guerreiro, O Brado do Povo Guerreiro,2023,Ronaldo Barbosa,782,,https://www.letras.mus.br/caprichoso-boi-bumba/yrerua-a-festa-do-guerreiro/
Caprichoso,Bela Valentina,Amazônia: Nossa Luta Em Poesia,2022,"Caetano Medeiros, Rodrigo Bitar, Sinny Lopes, Serginho Cid",1740,,https://www.letras.mus.br/caprichoso-boi-bumba/bela-valentina/
Caprichoso,Cantos da Mata,Luz e Mistérios da Floresta,1995,Álceo Anselmo,512,,https://www.letras.mus.br/caprichoso-boi-bumba/1290118/
Caprichoso,Cunhã Poranga Yaci,Um Canto de Esperança Para Mátria Brasilis,2019,"Mailzon Mendes, José Augusto Cardoso, Alex Pontes",935,,https://www.letras.mus.br/caprichoso-boi-bumba/cunha-poranga-iacy/
Caprichoso,Kananciuê,Luz e Mistérios da Floresta,1995,Ronaldo Barbosa,525,,https://www.letras.mus.br/caprichoso-boi-bumba/968131/
Caprichoso,Majestade do Folclore,,,"Saullo Viana, Murilo Maia, Bruno Maia, Emanuel Nascimento, Gilney Jr., Yomarley Holanda",925,,https://www.letras.mus.br/caprichoso-boi-bumba/majestade-do-folclore/
Caprichoso,O Ritmo É de Boi,Amazônia Tawàpayêra,2014,Adriano Aguiar,952,,https://www.letras.mus.br/caprichoso-boi-bumba/o-ritmo-e-de-bom/
Caprichoso,O-Mukaiá,,,"Claudomiro Neto, Alan Redig, Wendel Moke, Normã Cativo",1151,,https://www.letras.mus.br/caprichoso-boi-bumba/o-mukaia/
Caprichoso,Odisséia Tupinambá,Amor e Paixão,2001,"Silvio Camaleão, Neil Armstrong, Hugo Levy",1082,,https://www.letras.mus.br/caprichoso-boi-bumba/968028/
Caprichoso,"Sissa, Uma História de Amor",Sabedoria Popular: Uma Revolução Ancestral,2018,"Ronaldo Barbosa, Simão Assayag, Vanessa Alfaia",758,,https://www.letras.mus.br/caprichoso-boi-bumba/sissa-uma-historia-de-amor/
Caprichoso,Bodozal da Francesa,É Tempo de Retomada,2025,"Pedro Neto, Bruce Balcão, Brunier Bulcão",566,,https://www.letras.mus.br/caprichoso-boi-bumba/bodozal-da-francesa/
Caprichoso,Boi de Negro,Sabedoria Popular: Uma Revolução Ancestral,2018,"Moisés Colares, Frank Azevedo, Erick Nakanome, Ricardo Linhares, Raurison Nascimento",898,,https://www.letras.mus.br/caprichoso-boi-bumba/boi-de-negro/
Caprichoso,Cãoera,Amazônia,2015,"Mayra Cavalcante, Fellipe Cid, Elton Cabral",697,,https://www.letras.mus.br/caprichoso-boi-bumba/caoera/
Caprichoso,Fibras de Arumã,Capricho dos Deuses,1994,Ronaldo Barbosa,649,,https://www.letras.mus.br/caprichoso-boi-bumba/968019/
Caprichoso,Matriarca,Um Canto de Esperança Para Mátria Brasilis,2019,"Diego Silva, Sandro Santos, Cezar Moraes",1319,,https://www.letras.mus.br/caprichoso-boi-bumba/matriarca/
Caprichoso,O Caprichoso É o Amor,O Canto da Floresta,2010,Cezar Moraes,759,,https://www.letras.mus.br/caprichoso-boi-bumba/1671027/
Caprichoso,O Pescador,A Magia Que Encanta,2011,"Mauricio Filho, Ademar Azevedo",839,,https://www.letras.mus.br/caprichoso-boi-bumba/1855912/
Caprichoso,Rainha da Amazônia,90 Anos de Raízes e Tradição,2003,"Meil Armstrong, Hugo Levy, Edwan Oliveira",559,,https://www.letras.mus.br/caprichoso-boi-bumba/461507/
Caprichoso,Tambor de Guerra,É Tempo de Retomada,2025,"Leonardo Nogueira, Caetano Medeiros, Charles Menta",636,,https://www.letras.mus.br/caprichoso-boi-bumba/tambor-de-guerra/
Caprichoso,Tukaia dos Espíritos,Brinquedo Que Canta Seu Chão,2026,,1375,,https://www.letras.mus.br/caprichoso-boi-bumba/tukaia-dos-espiritos/
Caprichoso,Wayana-Apalai,Amazônia Tawàpayêra,2014,"Joel Almeida, Juarez Lima Filho, Gabriel Moraes",1577,,https://www.letras.mus.br/caprichoso-boi-bumba/wayana-apalai/
Caprichoso,A Magia Que Encanta o Mundo,A Magia Que Encanta,2011,"Rozinaldo Carneiro, Geovane Bastos, Adriano Aguiar",946,,https://www.letras.mus.br/caprichoso-boi-bumba/1855902/
Caprichoso,Azulou,Sabedoria Popular: Uma Revolução Ancestral,2018,"Ronaldo Barbosa, Simão Assayag",618,,https://www.letras.mus.br/caprichoso-boi-bumba/azulou/
Caprichoso,Bicho Folharal,Amazônia,2015,"Geovane Bastos, Adriano Aguiar",579,,https://www.letras.mus.br/caprichoso-boi-bumba/bicho-folharal/
Caprichoso,Canto da Mata II,85 Anos de Cultura,1998,,452,,https://www.letras.mus.br/caprichoso-boi-bumba/canto-da-mata-ii-1998/
Caprichoso,Cardume de Estrelas,Brinquedo Que Canta Seu Chão,2026,,1810,,https://www.letras.mus.br/caprichoso-boi-bumba/cardume-de-estrelas/
Caprichoso,Deusa da Constelação,A Poética do Imaginário Caboclo,2017,,841,,https://www.letras.mus.br/caprichoso-boi-bumba/deusa-da-constelacao/
Caprichoso,Deusa da Paixão,O Centenário de Uma Paixão,2013,"Geovane Bastos, Alquiza Maria",768,,https://www.letras.mus.br/caprichoso-boi-bumba/deusa-da-paixao/
Caprichoso,Divina Senhora,,,"Sidney Rezende, José Augusto Cardoso",346,,https://www.letras.mus.br/caprichoso-boi-bumba/divina-senhora/
Caprichoso,É Tempo de Retomada,É Tempo de Retomada,2025,"Moisés Colares, Marcos Moura, Guto Kawakami, Erick Nakanome",754,,https://www.letras.mus.br/caprichoso-boi-bumba/e-tempo-de-retomada/
Caprichoso,Eu Quero Tanto,Faz da Arte Sua História,1999,"Eliberto Barroncas, Mailzon Mendes, José Augusto Cardoso, Álceo Anselmo",551,,https://www.letras.mus.br/caprichoso-boi-bumba/219068/
Caprichoso,Evolução de Cores,85 Anos de Cultura,1998,Ronaldo Barbosa,2658,,https://www.letras.mus.br/caprichoso-boi-bumba/920115/
Caprichoso,Lagarta de Fogo,Luz e Mistérios da Floresta,1995,"Leno, Davi",545,,https://www.letras.mus.br/caprichoso-boi-bumba/1769077/
Caprichoso,Meu Território Caprichoso,Brinquedo Que Canta Seu Chão,2026,"Carlos Paulain, Hélio Omar Conceição, Afrânio Gonçalves, Calçada da Fama",1118,,https://www.letras.mus.br/caprichoso-boi-bumba/meu-territorio-caprichoso/
Caprichoso,Morceganjo,Viva a Cultura Popular!,2012,"Mauricio Filho, Ademar Azevedo",608,,https://www.letras.mus.br/caprichoso-boi-bumba/morceganjo/
Caprichoso,Nirvana Xamânico,O Canto da Floresta,2010,"Geovane Bastos, Adriano Aguiar",660,,https://www.letras.mus.br/caprichoso-boi-bumba/1671038/
Caprichoso,Rainha das Lendas,O Eldorado é Aqui,2007,,661,,https://www.letras.mus.br/caprichoso-boi-bumba/1013231/
Caprichoso,Rebojo,Um Canto de Esperança Para Mátria Brasilis,2019,Cezar Moraes,558,,https://www.letras.mus.br/caprichoso-boi-bumba/rebojo/
Caprichoso,Ritual Pro Sol,A Magia Que Encanta,2011,"Mauricio Filho, Ademar Azevedo",468,,https://www.letras.mus.br/caprichoso-boi-bumba/1855911/
Caprichoso,"Terra, Mãe Ancestral",Sabedoria Popular: Uma Revolução Ancestral,2018,Adriano Aguiar,1150,,https://www.letras.mus.br/caprichoso-boi-bumba/terra-mae-ancestral/
Caprichoso,Tuxauas – Herdeiros de Xibelão,Brinquedo Que Canta Seu Chão,2026,"Moisés Colares, Ralrison Nascimento, Marcela Canto",676,,https://www.letras.mus.br/caprichoso-boi-bumba/tuxauas-herdeiros-de-xibelao/
Caprichoso,Unankiê,Capricho dos Deuses,1994,,646,,https://www.letras.mus.br/caprichoso-boi-bumba/unankie/
Caprichoso,Vaqueiros da Floresta,Tudo É Azul,2000,"Rui Machado, Mailzon Mendes, Álceo Anselmo",523,,https://www.letras.mus.br/caprichoso-boi-bumba/vaqueiros-da-floresta/
Caprichoso,A Ilha Vai Estremecer,Amazônia: Nossa Luta Em Poesia,2022,Patrick Araújo,1321,,https://www.letras.mus.br/caprichoso-boi-bumba/a-ilha-vai-estremecer/
Caprichoso,Amazônia Quaternária,O Boi de Parintins,1997,Ronaldo Barbosa,344,,https://www.letras.mus.br/caprichoso-boi-bumba/amazonia-quaternaria/
Caprichoso,Amazônia: Nossa Luta Em Poesia - Manifesto do Povo Floresta,Amazônia: Nossa Luta Em Poesia,2022,"Ronaldo Barbosa, Edwan Oliveira, Edvander Batista, Adriano Aguiar, Ericky Nakanome",2129,,https://www.letras.mus.br/caprichoso-boi-bumba/amazonia-nossa-luta-em-poesia-manifesto-do-povo-floresta/
Caprichoso,Amyipaguana – Revolução Maracá,É Tempo de Retomada,2025,"Moisés Colares, Marcos Moura, Ralrison Nascimento",928,,https://www.letras.mus.br/caprichoso-boi-bumba/amyipaguana-revolucao-maraca/
Caprichoso,Armadura de Fé,Um Canto de Esperança Para Mátria Brasilis,2019,"Erick Nakanome, Leandro Pantoja",1295,,https://www.letras.mus.br/caprichoso-boi-bumba/armadura-de-fe/
Caprichoso,Aruanda: As Três Princesas,Um Canto de Esperança Para Mátria Brasilis,2019,Geovane Bastos,956,,https://www.letras.mus.br/caprichoso-boi-bumba/aruanda-as-tres-princesas/
Caprichoso,Boi da Estrela,A Estrela do Brasil,2005,"Mailzon Mendes, Alex Pontes, Aleceo Anselmo",507,,https://www.letras.mus.br/caprichoso-boi-bumba/261376/
Caprichoso,Boi de Encantaria,Um Canto de Esperança Para Mátria Brasilis,2019,"Ronaldo Barbosa, Ronaldo Barbosa Júnior, Erick Nakanome",1854,,https://www.letras.mus.br/caprichoso-boi-bumba/boi-de-encantaria/
Caprichoso,Chamada do Boi,"As Cem Toadas da Nossa História, Vol. 1",2013,Silvio Camaleão,152,,https://www.letras.mus.br/caprichoso-boi-bumba/chamada-do-boi/
Caprichoso,Contrário Pávulo,Amor e Paixão,2001,,654,,https://www.letras.mus.br/caprichoso-boi-bumba/contrario-pavulo/
Caprichoso,"É Amor, Amor","Terra: Nosso Corpo, Nosso Espírito",2020,"Sandro Santos, Cezar Moraes",715,,https://www.letras.mus.br/caprichoso-boi-bumba/e-amor-amor/
Caprichoso,Estrela da Evolução, O Brado do Povo Guerreiro,2023,Bené Siqueira,672,,https://www.letras.mus.br/caprichoso-boi-bumba/estrela-da-evolucao/
Caprichoso,Estrela Maior,O Futuro É Agora,2008,"Marcelo Reis, Mailzon Mendes, Alex Pontes",639,,https://www.letras.mus.br/caprichoso-boi-bumba/1251378/
Caprichoso,Festança Multicultural,Sabedoria Popular: Uma Revolução Ancestral,2018,"Guto Kawakami, Geovane Bastos",862,,https://www.letras.mus.br/caprichoso-boi-bumba/festanca-multicultural/
Caprichoso,"Luz, Mistério e Magia",Faz da Arte Sua História,1999,"José Carlos Portilho, Giancarlo Pessoa",471,,https://www.letras.mus.br/caprichoso-boi-bumba/219071/
Caprichoso,Majés - Senhoras da Cura,É Tempo de Retomada,2025,"Ligiane Gaspar, Geovane Bastos, Júnior Dabela",615,,https://www.letras.mus.br/caprichoso-boi-bumba/majes-senhoras-da-cura/
Caprichoso,Marujada de Guerra,90 Anos de Raízes e Tradição,2003,"Silvio Camaleão, Neil Armstrong, Hugo Levy",610,,https://www.letras.mus.br/caprichoso-boi-bumba/1251379/
Caprichoso,Quem Vai Mandar É a Multidão,Cultura Que Resiste! (Ao Vivo No Bumbódromo),2021,"Uendel Pinheiro, Adriano Aguiar",1378,,https://www.letras.mus.br/caprichoso-boi-bumba/quem-vai-mandar-e-a-multidao/
Caprichoso,Sabedoria Ancestral,Viva a Cultura Popular!,2012,Cesar Moraes,604,,https://www.letras.mus.br/caprichoso-boi-bumba/sabedoria-ancestral/
Caprichoso,Serpente Dinahí,Um Canto de Esperança Para Mátria Brasilis,2019,"Malheiros Júnior, Pedro Salviano Neto, Rui Fiamoncini",1889,,https://www.letras.mus.br/caprichoso-boi-bumba/serpente-dinahi/
Caprichoso,Templo de Monan,Luz e Mistérios da Floresta,1995,Ronaldo Barbosa,506,,https://www.letras.mus.br/caprichoso-boi-bumba/968124/
Caprichoso,Um Canto de Fé!,Cultura - o Triunfo do Povo,2024,"Juarez Filho, Thyago Lima, Thauan Bulcão",655,,https://www.letras.mus.br/caprichoso-boi-bumba/um-canto-de-fe/
Caprichoso,À Arte do Audacioso,A Magia Que Encanta,2011,Paulinho Du Sagrado,1077,,https://www.letras.mus.br/caprichoso-boi-bumba/1855899/
Caprichoso,Abaçaí,A Magia Que Encanta,2011,"Geovane Bastos, Adriano Aguiar",681,,https://www.letras.mus.br/caprichoso-boi-bumba/1855904/
Caprichoso,Abangüera,Amazônia Solo Sagrado,2006,Ronaldo Barbosa,513,,https://www.letras.mus.br/caprichoso-boi-bumba/513527/
Caprichoso,Alagação,Cultura - o Triunfo do Povo,2024,"Ronaldo Barbosa, Ronaldo Barbosa Júnior",1345,,https://www.letras.mus.br/caprichoso-boi-bumba/alagacao/
Caprichoso,"Artesã, o Saber Ancestral",Sabedoria Popular: Uma Revolução Ancestral,2018,"Malheiros Júnior, Geovane Bastos, Betinho Filho",502,,https://www.letras.mus.br/caprichoso-boi-bumba/artesa-o-saber-ancestral/
Caprichoso,Azul Dessa Nação,Sabedoria Popular: Uma Revolução Ancestral,2018,"Jean Carlos, Maria Letícia, Amanda Ferreira, Enéas Filho",504,,https://www.letras.mus.br/caprichoso-boi-bumba/azul-dessa-nacao/
Caprichoso,Azul do Meu Brasil,Viva a Cultura Popular!,2012,Adriana Cidade,740,,https://www.letras.mus.br/caprichoso-boi-bumba/azul-do-meu-brasil-2012/
Caprichoso,Caçadores de Tarântulas,A Estrela do Brasil,2005,Ronaldo Barbosa,580,,https://www.letras.mus.br/caprichoso-boi-bumba/216978/
Caprichoso,Consagração do Guerreiro, O Brado do Povo Guerreiro,2023,"Paulo Sérgio, Adriano Aguiar, Kaic Melo",1011,,https://www.letras.mus.br/caprichoso-boi-bumba/consagracao-do-guerreiro/
Caprichoso,Cunhã: A Criatura de Tupã,Amor e Paixão,2001,Ronaldo Barbosa,728,,https://www.letras.mus.br/caprichoso-boi-bumba/901816/
Caprichoso,Esse Amor Não Tem Fim, O Brado do Povo Guerreiro,2023,"Uendel Pinheiro, Adriano Aguiar",1365,,https://www.letras.mus.br/caprichoso-boi-bumba/esse-amor-nao-tem-fim/
Caprichoso,Estrela Angelical,Amazônia Tawàpayêra,2014,"Zezinho Cardoso, Tinho Pessoa, Mailzon Mendes",582,,https://www.letras.mus.br/caprichoso-boi-bumba/estrela-agelical/
Caprichoso,Estrela do Amor,O Centenário de Uma Paixão,2013,"Paulinho Du Sagrado, Gabriel Moraes",621,,https://www.letras.mus.br/caprichoso-boi-bumba/estrela-do-amor/
Caprichoso,Festa de Um Boi Brasileiro,Caprichoso (1994),1994,"Geovane Bastos, Adriano Aguiar",755,,https://www.letras.mus.br/caprichoso-boi-bumba/festa-de-um-boi-brasileiro/
Caprichoso,Festa do Divino,A Magia Que Encanta,2011,Salomão Rossy,725,,https://www.letras.mus.br/caprichoso-boi-bumba/1855913/
Caprichoso,Garra de Marujeiro,Viva a Cultura Popular!,2012,"Rozinaldo Carneiro, Alder Oliveira",586,,https://www.letras.mus.br/caprichoso-boi-bumba/garra-de-marujeiro/
Caprichoso,Luz da Comunhão,A Terra É Azul,2000,Ronaldo Barbosa,1122,,https://www.letras.mus.br/caprichoso-boi-bumba/luz-da-comunhao/
Caprichoso,Mawaca,A Magia Que Encanta,2011,Paulinho Du Sagrado,594,,https://www.letras.mus.br/caprichoso-boi-bumba/1855897/
Caprichoso,Mística Xinguana,Viva a Cultura Popular!,2012,Paulinho Du Sagrado,1753,,https://www.letras.mus.br/caprichoso-boi-bumba/mistica-xinguana/
Caprichoso,Mundurukânia,"As Cem Toadas da Nossa História, Vol. 3",2013,,742,,https://www.letras.mus.br/caprichoso-boi-bumba/mundurucania/
Caprichoso,Nossa Cor,O Eldorado é Aqui,2007,"Chiba, Cesar Moraes, Paik Andrade",591,,https://www.letras.mus.br/caprichoso-boi-bumba/967481/
Caprichoso,Pachamama,"Amazonas, Onde o Verde Encontra o Azul",2009,"Geovane Bastos, Adriano Aguiar",692,,https://www.letras.mus.br/caprichoso-boi-bumba/1478738/
Caprichoso,Parintins Em Festa,O Futuro É Agora,2008,"Guto Kawakami, Geovane Bastos, Adriano Aguiar",612,,https://www.letras.mus.br/caprichoso-boi-bumba/1251384/
Caprichoso,Pavilhão Azul,Sabedoria Popular: Uma Revolução Ancestral,2018,"Igor Medeiros, Ademar Azevedo, Diego Cursino, Gean Souza, Yormarley Holanda",427,,https://www.letras.mus.br/caprichoso-boi-bumba/pavilhao-azul/
Caprichoso,Poranduba,É Tempo de Retomada,2025,"Moisés Colares, Marcos Moura, Ralrison Nascimento",1152,,https://www.letras.mus.br/caprichoso-boi-bumba/poranduba/
Caprichoso,Povo Caprichoso,"Terra: Nosso Corpo, Nosso Espírito",2020,Leonardo Pantoja,726,,https://www.letras.mus.br/caprichoso-boi-bumba/povo-caprichoso/
Caprichoso,Realeza Azul,Amazônia Tawàpayêra,2014,Edilson Santana,696,,https://www.letras.mus.br/caprichoso-boi-bumba/realeza-azul/
Caprichoso,"Segundos, Detalhes e Movimentos","Terra: Nosso Corpo, Nosso Espírito 2",2021,"Caetano Medeiros, Rodrigo Bitar, Sinny Lopes",706,,https://www.letras.mus.br/caprichoso-boi-bumba/segundos-detalhes-e-movimentos/
Caprichoso,Sehaypóri,Amazônia Tawàpayêra,2014,"Geovane Bastos, Alquiza Maria",713,,https://www.letras.mus.br/caprichoso-boi-bumba/sehaypori/
Caprichoso,Somos Vaqueirada,A Poética do Imaginário Caboclo,2017,"Romildo Freitas, Joel Maklouf, Carlos Kaita",806,,https://www.letras.mus.br/caprichoso-boi-bumba/somos-vaqueirada/
Caprichoso,Sou a Galera,Sabedoria Popular: Uma Revolução Ancestral,2018,"Murilo Maia, Bruno Maia, Gilney Jr., Judson Souza, Roberto Jr.",960,,https://www.letras.mus.br/caprichoso-boi-bumba/sou-a-galera/
Caprichoso,"Sou Caprichoso, Sou Marujeiro",Amazônia Tawàpayêra,2014,,906,,https://www.letras.mus.br/caprichoso-boi-bumba/sou-caprichoso-sou-marujeiro/
Caprichoso,Vem Brincar de Boi,Raízes de Um Povo,1990,"Ariosto Braga, Mário Condensa",680,,https://www.letras.mus.br/caprichoso-boi-bumba/1512571/
Caprichoso,Waimiri Atroari,Criação Cabocla,1996,Milca Maia,519,,https://www.letras.mus.br/caprichoso-boi-bumba/waimiri-atroari/
Caprichoso,Ypuré e a Tocaia da Ganância, O Brado do Povo Guerreiro,2023,"Ney Souza, Frank Ricardo, Adriano Aguiar",1230,,https://www.letras.mus.br/caprichoso-boi-bumba/ypure-e-a-tocaia-da-ganancia/
Caprichoso,A Estrela que Impera,"Terra: Nosso Corpo, Nosso Espírito",2020,"Roberto Junior, Murilo Maia, Júnior Dabela",546,,https://www.letras.mus.br/caprichoso-boi-bumba/a-estrela-que-impera/
Caprichoso,A Poética do Imaginário Caboclo,A Poética do Imaginário Caboclo,2017,Adriano Aguiar,808,,https://www.letras.mus.br/caprichoso-boi-bumba/a-poetica-do-imaginario-caboclo/
Caprichoso,A Terra é Azul,A Terra É Azul,2000,Paulinho Du Sagrado,552,,https://www.letras.mus.br/caprichoso-boi-bumba/967467/
Caprichoso,Amazônia de pé,É Tempo de Retomada,2025,"Adriano Aguiar, Thais Kokama, Fredson Lima",1449,,https://www.letras.mus.br/caprichoso-boi-bumba/amazonia-de-pe/
Caprichoso,"Amazônia, Arte da Criação",Amazônia,2015,"Adriano Aguiar, Júnior Dabela",893,,https://www.letras.mus.br/caprichoso-boi-bumba/amazonia-arte-da-criacao/
Caprichoso,Amor de Yandê,Amor e Paixão,2001,"Silvio Camaleão, Neil Armstong, Hugo Levy",623,,https://www.letras.mus.br/caprichoso-boi-bumba/968085/
Caprichoso,Apogeu Azul,"Amazonas, Onde o Verde Encontra o Azul",2009,"Junior Mendes, Marcelo Reis, Mailzon Mendes, Geandro Pantoja",638,,https://www.letras.mus.br/caprichoso-boi-bumba/1502948/
Caprichoso,Até o Tucupi de Amor,É Tempo de Retomada,2025,"Saullo Vianna, Adriano Aguiar, Celso Sabino",861,,https://www.letras.mus.br/caprichoso-boi-bumba/ate-o-tucupi-de-amor/
Caprichoso,Boi Brasileiro,Amazônia Tawàpayêra,2014,"Geovane Bastos, Adriano Aguiar",623,,https://www.letras.mus.br/caprichoso-boi-bumba/boi-brasileiro/
Caprichoso,Boi de Lata,Amazônia Cabocla de Alma Indigena,2002,"Neil Armstrong, Hugo Levy, Arlindo Junior",1051,,https://www.letras.mus.br/caprichoso-boi-bumba/boi-de-lata/
Caprichoso,Boi de Parintins,"Amazonas, Onde o Verde Encontra o Azul",2009,"Geovane Bastos, Alquiza Maria, Adriano Aguiar",852,,https://www.letras.mus.br/caprichoso-boi-bumba/boi-de-parintins/
Caprichoso,Boi Pipoca,"Amazonas: Terra do Folclore, Fonte de Vida",2004,"Sandro Silva, Eder Lima",559,,https://www.letras.mus.br/caprichoso-boi-bumba/461504/
Caprichoso,Caprichoso – O Boi do Urubuzal,Cultura - o Triunfo do Povo,2024,"Vanessa Aguiar, Edval Machado, Adriano Aguiar",685,,https://www.letras.mus.br/caprichoso-boi-bumba/caprichoso-o-boi-do-urubuzal/
Caprichoso,Caprichoso: Um Canto Novo de Esperança,Um Canto de Esperança Para Mátria Brasilis,2019,Emerson Maia Filho,984,,https://www.letras.mus.br/caprichoso-boi-bumba/caprichoso-um-canto-novo-de-esperanca/
Caprichoso,Chegada do Boi,Luz e Mistérios da Floresta,1995,Silvio Camaleão,1174,,https://www.letras.mus.br/caprichoso-boi-bumba/chegada-do-boi/
Caprichoso,É Dia de Boi,Sabedoria Popular: Uma Revolução Ancestral,2018,"Saullo Viana, Juarez Lima Filho, Gabriel Moraes",777,,https://www.letras.mus.br/caprichoso-boi-bumba/dia-de-boi/
Caprichoso,Estrela Nova,O Eldorado é Aqui,2007,"Mailzon Mendes, José Augusto Cardoso, Alex Pontes, Álceo Anselmo",605,,https://www.letras.mus.br/caprichoso-boi-bumba/967157/
Caprichoso,Feito de Pano e Espuma,Cultura Que Resiste! (Ao Vivo No Bumbódromo),2021,"Ronaldo Barbosa Júnior, Adriano Aguiar",1183,,https://www.letras.mus.br/caprichoso-boi-bumba/feito-de-pano-e-espuma/
Caprichoso,Festa Na Floresta,Criação Cabocla,1996,,515,,https://www.letras.mus.br/caprichoso-boi-bumba/festa-na-floresta-medley-96/
Caprichoso,Filhos da Mundurukania,Viva a Cultura Popular!,2012,Cesar Moraes,901,,https://www.letras.mus.br/caprichoso-boi-bumba/filhos-da-mundurukania/
Caprichoso,Folguedo Brasileiro,Viva a Cultura Popular!,2012,Rozinaldo Carneiro,489,,https://www.letras.mus.br/caprichoso-boi-bumba/folguedo-brasileiro/
Caprichoso,Galope Arrazante,90 Anos de Raízes e Tradição,2003,"Chiba, Cesar Oliveira, Cesar Moraes",784,,https://www.letras.mus.br/caprichoso-boi-bumba/1262792/
Caprichoso,Kizomba - A festa da retomada,É Tempo de Retomada,2025,"Marcos Moura, Cláudia Helen",1226,,https://www.letras.mus.br/caprichoso-boi-bumba/kizomba-a-festa-da-retomada/
Caprichoso,Maï Marakã,Viva a Cultura Popular!,2012,"Geovane Bastos, Adriano Aguiar",795,,https://www.letras.mus.br/caprichoso-boi-bumba/mai-maraka/
Caprichoso,Meu Amor é Azul,O Canto da Floresta,2010,Mauricio Filho,685,,https://www.letras.mus.br/caprichoso-boi-bumba/1671029/
Caprichoso,Morena Cunhã,O Futuro É Agora,2008,"Silvio Camaleão, Neil Armstrong, Hugo Levy",902,,https://www.letras.mus.br/caprichoso-boi-bumba/morena-cunha/
Caprichoso,"Mura, O Príncipe Das Águas",A Terra É Azul,2000,Ronaldo Barbosa,740,,https://www.letras.mus.br/caprichoso-boi-bumba/968483/
Caprichoso,Noite de Esplendor,Amazônia Solo Sagrado,2006,Tadeu Garcia,501,,https://www.letras.mus.br/caprichoso-boi-bumba/513531/
Caprichoso,O Canto da Floresta,O Canto da Floresta,2010,"Vanessa Aguiar, Ligiane Gaspar, Geovane Bastos, Adriano Aguiar",860,,https://www.letras.mus.br/caprichoso-boi-bumba/1671024/
Caprichoso,O Eldorado É Aqui,O Eldorado é Aqui,2007,"Zezinho Cardoso, Mailzon Mendes, Edilberto Barroncas, Álceo Anselmo",805,,https://www.letras.mus.br/caprichoso-boi-bumba/1190607/
Caprichoso,O Grito Das Águas,A Terra É Azul,2000,Ronaldo Barbosa,811,,https://www.letras.mus.br/caprichoso-boi-bumba/o-grito-das-aguas/
Caprichoso,"Para o Amigo, um Sorriso",A Poética do Imaginário Caboclo,2017,"Ronaldo Barbosa, Simão Assayag",697,,https://www.letras.mus.br/caprichoso-boi-bumba/ao-amigo-um-sorriso/
Caprichoso,Pássaro Sonhador,,,"Sidney Rezende, José Augusto Cardoso",726,,https://www.letras.mus.br/caprichoso-boi-bumba/passaro-sonhador-1995/
Caprichoso,Pentagrama de Tandaká,Amazônia,2015,,946,,https://www.letras.mus.br/caprichoso-boi-bumba/pentagrama-de-tandaka/
Caprichoso,Pescador da Amazônia,O Centenário de Uma Paixão,2013,"Ronaldo Rodrigues, Keandro Tavares, Erick Nakanome, Tarcisio Coimbra",1125,,https://www.letras.mus.br/caprichoso-boi-bumba/pescador-da-amazonia/
Caprichoso,Pétalas de Estrelas,O Centenário de Uma Paixão,2013,Alder Oliveira,618,,https://www.letras.mus.br/caprichoso-boi-bumba/petalas-de-estrelas/
Caprichoso,Remos e Tauás,"Amazonas: Terra do Folclore, Fonte de Vida",2004,Ronaldo Barbosa,831,,https://www.letras.mus.br/caprichoso-boi-bumba/1256154/
Caprichoso,Rios de Promessas,Luz e Mistérios da Floresta,1995,Ronaldo Barbosa,641,,https://www.letras.mus.br/caprichoso-boi-bumba/1769069/
Caprichoso,Ritual Tariana,Viva a Cultura Popular!,2012,"Geovane Bastos, Adriano Aguiar",530,,https://www.letras.mus.br/caprichoso-boi-bumba/ritual-tariana/
Caprichoso,Ritual Yanomami,Amazônia Tawàpayêra,2014,"Marcos Lima, Alder Oliveira",666,,https://www.letras.mus.br/caprichoso-boi-bumba/ritual-yanomami/
Caprichoso,Rosto Angelical,A Poética do Imaginário Caboclo,2017,"Frank Azevedo, Enéas Filho",704,,https://www.letras.mus.br/caprichoso-boi-bumba/rosto-angelical/
Caprichoso,Se Manque Contrário,O Centenário de Uma Paixão,2013,"Edilson Santana, David Assayag",827,,https://www.letras.mus.br/caprichoso-boi-bumba/se-manque-contrario/
Caprichoso,Sou Centenário,O Centenário de Uma Paixão,2013,"Geovane Bastos, Adriano Aguiar",615,,https://www.letras.mus.br/caprichoso-boi-bumba/sou-centenario/
Caprichoso,Superação Caprichoso,Viva a Cultura Popular!,2012,"Michel Trindade, Guto Kawakami, Geovane Bastos",605,,https://www.letras.mus.br/caprichoso-boi-bumba/superacao-caprichoso/
Caprichoso,Tem Folclore Na Floresta (part. Joelma),Amazônia,2015,"Ronan Marinho, Roberto Jr, Gerlean Brasil",740,,https://www.letras.mus.br/caprichoso-boi-bumba/tem-folclore-na-floresta/
Caprichoso,Toada do Amor,Raízes de Um Povo,1990,Chico da Silva,615,,https://www.letras.mus.br/caprichoso-boi-bumba/1880818/
Caprichoso,Touro Encantado e a Estrela de Ouro,A Poética do Imaginário Caboclo,2017,Hugo Levy,974,,https://www.letras.mus.br/caprichoso-boi-bumba/touro-encantado-e-a-estrela-de-ouro/
Caprichoso,Touro Negro,Amazônia Cabocla de Alma Indigena,2002,"David Jerônimo, Ademar Azevedo",643,,https://www.letras.mus.br/caprichoso-boi-bumba/1512568/
Caprichoso,Tribálica,O Canto da Floresta,2010,"Michael Trindade, Geovane Bastos, Adriano Aguiar",932,,https://www.letras.mus.br/caprichoso-boi-bumba/1671034/
Caprichoso,Unankiê: Um Lamento Amazônico,,,Ronaldo Barbosa,773,,https://www.letras.mus.br/caprichoso-boi-bumba/unankie-um-lamento-amazonico/
Caprichoso,Viva Parintins!,Viva Parintins!,2016,Adriano Aguiar,1499,,https://www.letras.mus.br/caprichoso-boi-bumba/viva-parintins/
Caprichoso,Xamanismo Kaxinauá,O Canto da Floresta,2010,"Guto Kawakami, Geovane Bastos, Adriano Aguiar",625,,https://www.letras.mus.br/caprichoso-boi-bumba/1671037/
Caprichoso,Yuriman,O Centenário de Uma Paixão,2013,"Saullo Viana, Geovane Bastos",539,,https://www.letras.mus.br/caprichoso-boi-bumba/yuriman/
Caprichoso,Aldeia Dos Espíritos,O Centenário de Uma Paixão,2013,Mauricio Filho,544,,https://www.letras.mus.br/caprichoso-boi-bumba/aldeia-dos-espiritos/
Caprichoso,Aldeia Mística,Amazônia Tawàpayêra,2014,Ronaldo Barbosa,681,,https://www.letras.mus.br/caprichoso-boi-bumba/aldeia-mistica/
Caprichoso,Artesão Parintinense,"Amazonas, Onde o Verde Encontra o Azul",2009,,579,,https://www.letras.mus.br/caprichoso-boi-bumba/1502954/
Caprichoso,As Ycamiabas,Amor e Paixão,2001,Tony Rossi,628,,https://www.letras.mus.br/caprichoso-boi-bumba/1291152/
Caprichoso,Avassalador É o Amor Caprichoso,O Centenário de Uma Paixão,2013,Adriano Aguiar,1138,,https://www.letras.mus.br/caprichoso-boi-bumba/avassalador-o-amor-caprichoso/
Caprichoso,Bailado de Bailarina,,,,599,,https://www.letras.mus.br/caprichoso-boi-bumba/bailado-de-bailarina/
Caprichoso,"Batuque, Raça e Cor","Terra: Nosso Corpo, Nosso Espírito 2",2021,"Caetano Medeiros, Rodrigo Bitar, Sinny Lopes",1054,,https://www.letras.mus.br/caprichoso-boi-bumba/batuque-raca-e-cor/
Caprichoso,Cabocla,Viva a Cultura Popular!,2012,"Marcos Lima, Alder Oliveira",682,,https://www.letras.mus.br/caprichoso-boi-bumba/cabocla/
Caprichoso,Caboclo Farinheiro,O Eldorado é Aqui,2007,"Roberto Viana, Ademar Azevedo",652,,https://www.letras.mus.br/caprichoso-boi-bumba/caboclo-farinheiro/
Caprichoso,Campeão Na Evolução,A Poética do Imaginário Caboclo,2017,"Joel Maklouf, Roberto Jr.",761,,https://www.letras.mus.br/caprichoso-boi-bumba/campeao-na-evolucao/
Caprichoso,Canto Nativo,O Canto da Floresta,2010,Salomão Rossy,626,,https://www.letras.mus.br/caprichoso-boi-bumba/1671039/
Caprichoso,"Caprichoso, Amor Perfeito",Amazônia Tawàpayêra,2014,"Pelado Jr, Mauricio Filho, Ademar Azevedo",575,,https://www.letras.mus.br/caprichoso-boi-bumba/caprichoso-amor-perfeito/
Caprichoso,"Caprichoso, Eterno Amor",Viva Parintins!,2016,,968,,https://www.letras.mus.br/caprichoso-boi-bumba/caprichoso-eterno-amor/
Caprichoso,Castanheiro do Amazonas,"Amazonas: Terra do Folclore, Fonte de Vida",2004,"Ronaldo Barbosa, Neil Armstrong, Hugo Levy, Carlos Paulain",769,,https://www.letras.mus.br/caprichoso-boi-bumba/1256155/
Caprichoso,Coacy Beija-flor,"Amazonas: Terra do Folclore, Fonte de Vida",2004,"Silvio Camaleão, Neil Armstrong, Hugo Levy",748,,https://www.letras.mus.br/caprichoso-boi-bumba/967994/
Caprichoso,Conori - As Amazonas,O Eldorado é Aqui,2007,Roberto Viana,719,,https://www.letras.mus.br/caprichoso-boi-bumba/1192364/
Caprichoso,Delírio Azul,Amazônia Cabocla de Alma Indigena,2002,Ronaldo Barbosa,932,,https://www.letras.mus.br/caprichoso-boi-bumba/delirio-azul/
Caprichoso,Dona da Noite,Cultura - o Triunfo do Povo,2024,Ademar Azevedo,1246,,https://www.letras.mus.br/caprichoso-boi-bumba/dona-da-noite/
Caprichoso,"Ê, Parente!",Cultura - o Triunfo do Povo,2024,"Carlinhos Lauria, Bruce Bulcão, Carlos Tomé",850,,https://www.letras.mus.br/caprichoso-boi-bumba/e-parente/
Caprichoso,Entre flechas e fuzis,É Tempo de Retomada,2025,"Ronaldo Barbosa, Adriano Aguiar, Ericky Nakanome",970,,https://www.letras.mus.br/caprichoso-boi-bumba/entre-flechas-e-fuzis/
Caprichoso,Evolução do Caprichoso,90 Anos de Raízes e Tradição,2003,,768,,https://www.letras.mus.br/caprichoso-boi-bumba/evolucao-do-caprichoso/
Caprichoso,Êxtase Yawanawá,É Tempo de Retomada,2025,"Adriano Aguiar, Saimon Andrade, Thiago Yawanawá",1323,,https://www.letras.mus.br/caprichoso-boi-bumba/extase-yawanawa/
Caprichoso,Festa do Carmo,Amor e Paixão,2001,,570,,https://www.letras.mus.br/caprichoso-boi-bumba/festa-do-carmo/
Caprichoso,Hurequeí,Capricho dos Deuses,1994,Ronaldo Barbosa,253,,https://www.letras.mus.br/caprichoso-boi-bumba/hurequei/
Caprichoso,Isso Aqui é Caprichoso,"Terra: Nosso Corpo, Nosso Espírito 2",2021,"Ronaldo Barbosa Júnior, Adriano Aguiar",926,,https://www.letras.mus.br/caprichoso-boi-bumba/isso-aqui-e-caprichoso/
Caprichoso,Legião,Amazônia,2015,"Waltinho Pinto, Romildo Freitas, Paulinho Medeiros, Joel Maklouf, Carlos Kaita",874,,https://www.letras.mus.br/caprichoso-boi-bumba/legiao/
Caprichoso,Liberdade Em Poesia,O Canto da Floresta,2010,"Chiba, Cezar Moraes",596,,https://www.letras.mus.br/caprichoso-boi-bumba/1671022/
Caprichoso,Louco Apaixonado,A Magia Que Encanta,2011,,913,,https://www.letras.mus.br/caprichoso-boi-bumba/louco-apaixonado/
Caprichoso,Luzeiro da Paixão, O Brado do Povo Guerreiro,2023,"João Leão, Guto Kawakami, Gabriel Moraes",694,,https://www.letras.mus.br/caprichoso-boi-bumba/luzeiro-da-paixao/
Caprichoso,Meu Bom Vaqueiro,É Tempo de Retomada,2025,"José Ribeiro, Otacílio Junior, Bené Siqueira",1138,,https://www.letras.mus.br/caprichoso-boi-bumba/meu-bom-vaqueiro/
Caprichoso,Mirakãwéra,Amazônia Tawàpayêra,2014,Geovane Basto,782,,https://www.letras.mus.br/caprichoso-boi-bumba/mirakawera/
Caprichoso,"Misticismo, a Revolução",Sabedoria Popular: Uma Revolução Ancestral,2018,"Guto Kawakami, Gabriel Moraes",998,,https://www.letras.mus.br/caprichoso-boi-bumba/misticismo-a-revolucao/
Caprichoso,Nominação,Faz da Arte Sua História,1999,"Simão Assayag, Bené Siqueira, Andréa Pontes",772,,https://www.letras.mus.br/caprichoso-boi-bumba/219072/
Caprichoso,O Toque do Berrante,Caprichoso (1994),1994,Francinaldo,355,,https://www.letras.mus.br/caprichoso-boi-bumba/1769070/
Caprichoso,Povo da Francesa,"Terra: Nosso Corpo, Nosso Espírito",2020,"Paulinho Du Sagrado, Gabriel Moraes",767,,https://www.letras.mus.br/caprichoso-boi-bumba/povo-da-francesa/
Caprichoso,Rainha da Fazenda,Capricho dos Deuses,1994,J. Carlos Portilho,475,,https://www.letras.mus.br/caprichoso-boi-bumba/1769072/
Caprichoso,Rara Beleza,"As Cem Toadas da Nossa História, Vol. 1",2013,Sales Santos,514,,https://www.letras.mus.br/caprichoso-boi-bumba/rara-beleza/
Caprichoso,Revolução de Um Povo,Sabedoria Popular: Uma Revolução Ancestral,2018,Adriano Aguiar,971,,https://www.letras.mus.br/caprichoso-boi-bumba/revolucao-de-um-povo/
Caprichoso,Rito Saterê,O Eldorado é Aqui,2007,"Davi Jerônimo, Ademar Azevedo",615,,https://www.letras.mus.br/caprichoso-boi-bumba/1192365/
Caprichoso,Rufar do Tambor,Viva a Cultura Popular!,2012,Rozinaldo Carneiro,821,,https://www.letras.mus.br/caprichoso-boi-bumba/rufar-do-tambor/
Caprichoso,Sentimentos,"Terra: Nosso Corpo, Nosso Espírito",2020,,1242,,https://www.letras.mus.br/caprichoso-boi-bumba/sentimentos/
Caprichoso,Ser Caprichoso,Amazônia Cabocla de Alma Indigena,2002,,494,,https://www.letras.mus.br/caprichoso-boi-bumba/1512562/
Caprichoso,Serpentárias,Amazônia,2015,"Juarez Lima Filho, Joel Almeida Lima, Gabriel Moraes",880,,https://www.letras.mus.br/caprichoso-boi-bumba/serpentarias/
Caprichoso,Sinfonia Cabocla,A Magia Que Encanta,2011,Cesar Moraes,642,,https://www.letras.mus.br/caprichoso-boi-bumba/1855903/
Caprichoso,Tempo de Festa,85 Anos de Cultura,1998,,367,,https://www.letras.mus.br/caprichoso-boi-bumba/1512567/
Caprichoso,Tempo de Trapiche,Tudo É Azul,2000,"Eliberto Barroncas, Mailzon Mendes, José Augusto Cardoso, Álceo Anselmo",702,,https://www.letras.mus.br/caprichoso-boi-bumba/1512566/
Caprichoso,Terço Caboclo,Amor e Paixão,2001,Ronaldo Barbosa,688,,https://www.letras.mus.br/caprichoso-boi-bumba/1513007/
Caprichoso,Torcedor Apaixonado,Amazônia Solo Sagrado,2006,"Robson Roberto, Mauro Antony, Chiba, Arlindo Jr.",1327,,https://www.letras.mus.br/caprichoso-boi-bumba/543261/
Caprichoso,Tribo Caprichoso,Um Canto de Esperança Para Mátria Brasilis,2019,"Guto Kawakami, Geovane Bastos",682,,https://www.letras.mus.br/caprichoso-boi-bumba/tribo-caprichoso/
Caprichoso,Trilha – O Levante da Vida,É Tempo de Retomada,2025,"Valdenor Filho, Ericky Nakanome",812,,https://www.letras.mus.br/caprichoso-boi-bumba/trilha-o-levante-da-vida/
Caprichoso,Um Canto de Esperança Para Mátria Brasilis,Um Canto de Esperança Para Mátria Brasilis,2019,"Guto Kawakami, Geovane Bastos",1872,,https://www.letras.mus.br/caprichoso-boi-bumba/um-canto-de-esperanca-para-matria-brasilis/
Caprichoso,Universo de Amor,Viva a Cultura Popular!,2012,"Mauricio Filho, Ademar Azevedo",315,,https://www.letras.mus.br/caprichoso-boi-bumba/universo-de-amor-2012/
Caprichoso,Virgem do Carmelo,Viva a Cultura Popular!,2012,"Rossy do Carmo, Cesar Moraes",491,,https://www.letras.mus.br/caprichoso-boi-bumba/virgem-do-carmelo/
Caprichoso,Zig Zag da Marujada,Faz da Arte Sua História,1999,"Wenderson de Figueiredo, Renato Freitas, Paulo Moss, Mauro de Souza",521,,https://www.letras.mus.br/caprichoso-boi-bumba/219075/
Caprichoso,100 Anos da Cultura Popular,O Centenário de Uma Paixão,2013,"Rossy do Carmo, Chiba, Cezar Moraes",844,,https://www.letras.mus.br/caprichoso-boi-bumba/100-anos-da-cultura-popular/
Caprichoso,Amazonas Ayakamaé,O Boi de Parintins,1997,Ronaldo Barbosa,501,,https://www.letras.mus.br/caprichoso-boi-bumba/967471/
Caprichoso,Amazonas Meu Amor,,,Chico da Silva,587,,https://www.letras.mus.br/caprichoso-boi-bumba/amazonas-meu-amor/
Caprichoso,Amazônia Livre,Amazônia Solo Sagrado,2006,Ronaldo Barbosa,780,,https://www.letras.mus.br/caprichoso-boi-bumba/513528/
Caprichoso,Amazônia Terra Santa,O Futuro É Agora,2008,"Wenderson Figueiredo, Ronaldo Bazi, Mauro Souza",958,,https://www.letras.mus.br/caprichoso-boi-bumba/1251385/
Caprichoso,"Amazônia, o Encontro Dos Povos",Amazônia,2015,Ronaldo Barbosa,1056,,https://www.letras.mus.br/caprichoso-boi-bumba/amazonia-o-encontro-dos-povos/
Caprichoso,Amo do Boi,Amor e Paixão,2001,,709,,https://www.letras.mus.br/caprichoso-boi-bumba/amo-do-boi/
Caprichoso,Ancestralidade,Sabedoria Popular: Uma Revolução Ancestral,2018,"Ricardo Fábio, Leonardo Pantoja",688,,https://www.letras.mus.br/caprichoso-boi-bumba/ancestralidade/
Caprichoso,Auto do Boi,Amor e Paixão,2001,"Roberto Junior, Adriano Aguiar, Júnior Dabela",666,,https://www.letras.mus.br/caprichoso-boi-bumba/1504188/
Caprichoso,Auto do Boi Brasileiro,Sabedoria Popular: Uma Revolução Ancestral,2018,"Adriano Aguiar, Júnior Dabela, Roberto Jr.",892,,https://www.letras.mus.br/caprichoso-boi-bumba/auto-do-boi-brasileiro/
Caprichoso,"Barro, Fé e Catedral",A Poética do Imaginário Caboclo,2017,"Simão Assayag, Silvio Camaleão, Neil Armstong",811,,https://www.letras.mus.br/caprichoso-boi-bumba/barro-fe-e-catedral/
Caprichoso,Boi de Rua,O Centenário de Uma Paixão,2013,,441,,https://www.letras.mus.br/caprichoso-boi-bumba/boi-de-rua/
Caprichoso,Boi Estrela II,"Amazonas: Terra do Folclore, Fonte de Vida",2004,"Marcelo Reis, Mailzon Mendes, Alex Pontes",893,,https://www.letras.mus.br/caprichoso-boi-bumba/213851/
Caprichoso,Brasis Ameríndios,A Terra É Azul,2000,Milka Maia,724,,https://www.letras.mus.br/caprichoso-boi-bumba/1290649/
Caprichoso,Caboclo Mateiro,O Futuro É Agora,2008,"Geovane Bastos, Adriano Aguiar",769,,https://www.letras.mus.br/caprichoso-boi-bumba/1251390/
Caprichoso,Canto Azul,Capricho dos Deuses,1994,,476,,https://www.letras.mus.br/caprichoso-boi-bumba/canto-azul/
Caprichoso,"Canto, Verso e Prosa",A Magia Que Encanta,2011,"Vanessa Mendonça, Lindolfo Moreira, Felipe Sicsu, Alquiza Maria, Adriano Aguiar",686,,https://www.letras.mus.br/caprichoso-boi-bumba/1855883/
Caprichoso,Caprichoso Brinquedo do Povo,A Arte de Folclorear,1992,José Carlos Portilho,992,,https://www.letras.mus.br/caprichoso-boi-bumba/caprichoso-brinquedo-do-povo/
Caprichoso,Cavalo Encantado,A Magia Que Encanta,2011,"Ronaldo Rodrigues, Keandro Tavares, Erick Nakanome, Tarcísio Coimbra",1598,,https://www.letras.mus.br/caprichoso-boi-bumba/cavalo-encantado/
Caprichoso,Chamada do Boi / Festa de Boi,Capricho dos Deuses,1994,"Silvio Camaleão, Aluízio Cerdeira",844,,https://www.letras.mus.br/caprichoso-boi-bumba/chamada-do-boi-festa-de-boi/
Caprichoso,Chamamento Das Tribos (Dabacury),O Eldorado é Aqui,2007,Ademar Azevedo,544,,https://www.letras.mus.br/caprichoso-boi-bumba/1192362/
Caprichoso,Chega Já Meu Boi,A Arte de Folclorear,1992,Horário Farias,410,,https://www.letras.mus.br/caprichoso-boi-bumba/968101/
Caprichoso,Círculo da Vida (Festa Tribal),O Centenário de Uma Paixão,2013,Paulinho Du Sagrado,893,,https://www.letras.mus.br/caprichoso-boi-bumba/circulo-da-vida-festa-tribal/
Caprichoso,Cobroké,Criação Cabocla,1996,,1225,,https://www.letras.mus.br/caprichoso-boi-bumba/cobroke/
Caprichoso,Cordel Caboclo,Amazônia Tawàpayêra,2014,,951,,https://www.letras.mus.br/caprichoso-boi-bumba/cordel-caboclo/
Caprichoso,Da Floresta Pra Você,O Futuro É Agora,2008,"Geovane Bastos, Adriano Aguiar",847,,https://www.letras.mus.br/caprichoso-boi-bumba/1251398/
Caprichoso,Divino Canto,Amor e Paixão,2001,"Silvio Camaleão, Neil Armstong, Hugo Levy",642,,https://www.letras.mus.br/caprichoso-boi-bumba/968482/
Caprichoso,É Campeão,O Futuro É Agora,2008,Cesar Moraes,571,,https://www.letras.mus.br/caprichoso-boi-bumba/1251381/
Caprichoso,É Festa No Caprichoso,O Centenário de Uma Paixão,2013,"Silvio Camaleão, Sales Santos",1037,,https://www.letras.mus.br/caprichoso-boi-bumba/festa-no-caprichoso/
Caprichoso,Emoção Infinita,O Boi de Parintins,1997,,458,,https://www.letras.mus.br/caprichoso-boi-bumba/967476/
Caprichoso,Energia da Floresta,O Futuro É Agora,2008,"Geandro Pantoja, Demetrius Haidos",634,,https://www.letras.mus.br/caprichoso-boi-bumba/1251380/
Caprichoso,Estandarte da Nação,Amazônia: Nossa Luta Em Poesia,2022,"Roberto Junior, Murilo Maia, Júnio Dabela, Yormalei Holanda",572,,https://www.letras.mus.br/caprichoso-boi-bumba/estandarte-da-nacao/
Caprichoso,Estrela da Paixão,O Eldorado é Aqui,2007,"Zezinho Cardoso, Mailzon Mendes, Alex Pontes, Álceo Anselmo",519,,https://www.letras.mus.br/caprichoso-boi-bumba/estrela-da-paixao/
Caprichoso,Foram Pra Manaus Sem Lenço e Sem Documento,,,Raimundinho Dutra,612,,https://www.letras.mus.br/caprichoso-boi-bumba/foram-pra-manaus-sem-lenco-e-sem-documento/
Caprichoso,Fumaça de Ervas,Um Canto de Esperança Para Mátria Brasilis,2019,"Emerson Maia, Emerson Maia Filho",922,,https://www.letras.mus.br/caprichoso-boi-bumba/fumaca-de-ervas/
Caprichoso,Grito de Alerta,"As Cem Toadas da Nossa História, Vol. 1",2013,,509,,https://www.letras.mus.br/caprichoso-boi-bumba/grito-de-alerta/
Caprichoso,Guerreira da Mística Aldeia,,,,615,,https://www.letras.mus.br/caprichoso-boi-bumba/guerreira-da-mistica-aldeia/
Caprichoso,Herói Anônimo,O Boi de Parintins,1997,Milka Maia,726,,https://www.letras.mus.br/caprichoso-boi-bumba/heroi-anonimo/
Caprichoso,Imaginários da Amazônia,A magia que encanta,2011,"Mauricio Filho, Ademar Azevedo",625,"Cancioneiro UEA (Cardoso, 2013)",https://www.letras.mus.br/caprichoso-boi-bumba/1855894/
Caprichoso,Itigã's - Retomada dos Espíritos,É Tempo de Retomada,2025,"Ronaldo Barbosa, Ronaldo Barbosa Jr.",1314,,https://www.letras.mus.br/caprichoso-boi-bumba/itigas-retomada-dos-espiritos/
Caprichoso,⁠Kãkãnemas – A Incorporação,É Tempo de Retomada,2025,"Charles Silva, Adriano Aguiar, Waltinho Oliva",1121,,https://www.letras.mus.br/caprichoso-boi-bumba/kakanemas-a-incorporacao/
Caprichoso,Luz de Esperança,Luz e Mistérios da Floresta,1995,Juvelino Souza,319,,https://www.letras.mus.br/caprichoso-boi-bumba/1769073/
Caprichoso,Maraká'yp,Amazônia: Nossa Luta Em Poesia,2022,"Vanessa Aguiar, Miguel de Oliveira, Laércio Bentes, Tássio Alecrim, Auá Ditsapy Nhimboeté (André Samuel dos Santos)",1470,,https://www.letras.mus.br/caprichoso-boi-bumba/marakayp/
Caprichoso,"Maria, a Deusa Tupinambá",Viva Parintins!,2016,"Klinger Araújo, Carlos Kaita, Maran Valério, Vanessa Alfaia",1526,,https://www.letras.mus.br/caprichoso-boi-bumba/maria-a-deusa-tupinamba/
Caprichoso,Mariwin,"Amazonas: Terra do Folclore, Fonte de Vida",2004,"Elaine Rodrigues, David Jerônimo, Ademar Azevedo",468,,https://www.letras.mus.br/caprichoso-boi-bumba/213852/
Caprichoso,Maromba,Caprichoso Alegria do Povo,1989,"Neil Armstong, Hélio Omar Conceição",448,,https://www.letras.mus.br/caprichoso-boi-bumba/maromba/
Caprichoso,Marujeiro Caprichoso,Cultura - o Triunfo do Povo,2024,"Guto Kawakami, Gabriel Moraes, Adan Renê",718,,https://www.letras.mus.br/caprichoso-boi-bumba/marujeiro-caprichoso/
Caprichoso,Matria,Um Canto de Esperança Para Mátria Brasilis,2019,Paulinho Du Sagrado,1540,,https://www.letras.mus.br/caprichoso-boi-bumba/matria/
Caprichoso,Mil Megatons de Puro Amor,A Magia Que Encanta,2011,Cesar Moraes,766,,https://www.letras.mus.br/caprichoso-boi-bumba/1855895/
Caprichoso,Minha Selva de Cantos Selvagens,O Canto da Floresta,2010,Cezar Moraes,777,,https://www.letras.mus.br/caprichoso-boi-bumba/1671030/
Caprichoso,Mistura de Um Povo,Um Canto de Esperança Para Mátria Brasilis,2019,"Leonardo Pantoja, Rafael Assayag",502,,https://www.letras.mus.br/caprichoso-boi-bumba/mistura-de-um-povo/
Caprichoso,Naiades,Amazônia Tawàpayêra,2014,Ronaldo Barbosa,589,,https://www.letras.mus.br/caprichoso-boi-bumba/naiades/
Caprichoso,Nhetãn–hekãn,Amazônia,2015,,1243,,https://www.letras.mus.br/caprichoso-boi-bumba/nhetanhekan/
Caprichoso,Nossa Festa de Boi,Amazônia,2015,,1057,,https://www.letras.mus.br/caprichoso-boi-bumba/nossa-festa-de-boi/
Caprichoso,O Mais Belo de Parintins,Um Canto de Esperança Para Mátria Brasilis,2019,"Belo, Adriana Cidade",638,,https://www.letras.mus.br/caprichoso-boi-bumba/o-mais-belo-de-parintins/
Caprichoso,Paikisés Mundurukus,Viva a Cultura Popular!,2012,"Mauricio Filho, Ademar Azevedo",509,,https://www.letras.mus.br/caprichoso-boi-bumba/paikises-mundurukus/
Caprichoso,Pavú Maraúna,O Futuro É Agora,2008,"Renner Cruz, Geovane Bastos, Adriano Aguiar",921,,https://www.letras.mus.br/caprichoso-boi-bumba/1251389/
Caprichoso,Presciente Feiticeiro,85 Anos de Cultura,1998,"Mailzon Mendes, José Augusto Cardoso, Alex Pontes, Álceo Anselmo",473,,https://www.letras.mus.br/caprichoso-boi-bumba/1290121/
Caprichoso,Rei da arena,Amazônia Solo Sagrado,2006,"Mauricio Filho, Kamanxu, Cristiano Cordeiro, Ademar Azevedo",671,,https://www.letras.mus.br/caprichoso-boi-bumba/1256149/
Caprichoso,Ritual Mochica,90 Anos de Raízes e Tradição,2003,"Waldir Santana, Robson Junior, Marcelo Reis",845,,https://www.letras.mus.br/caprichoso-boi-bumba/967483/
Caprichoso,Ritual Urotopiag Maraguá,Amazônia Tawàpayêra,2014,"Yaguarê Yamã, Gerlean Brasil",645,,https://www.letras.mus.br/caprichoso-boi-bumba/ritual-urotopiag-maragua/
Caprichoso,Ritualística Apurinã,"Amazonas, Onde o Verde Encontra o Azul",2009,"Paulo de Tharso, Hueliton Ferreira Sal, Geandro Pantoja",664,,https://www.letras.mus.br/caprichoso-boi-bumba/1478742/
Caprichoso,Senhor Das Águas,Amazônia: Nossa Luta Em Poesia,2022,"Adriano Aguiar, Paulo Victor Carvalho",1181,,https://www.letras.mus.br/caprichoso-boi-bumba/senhor-das-aguas/
Caprichoso,Sentimento Incontrolável,A Poética do Imaginário Caboclo,2017,,580,,https://www.letras.mus.br/caprichoso-boi-bumba/sentimento-incontrolavel/
Caprichoso,Sinhazinha,Amazônia Tawàpayêra,2014,,392,,https://www.letras.mus.br/caprichoso-boi-bumba/1512561/
Caprichoso,Sou Brincador de Boi,Luz e Mistérios da Floresta,1995,Osvaldo Cunha,564,,https://www.letras.mus.br/caprichoso-boi-bumba/1512564/
Caprichoso,Templos de Ouro,A Poética do Imaginário Caboclo,2017,Ronaldo Barbosa Jr.,839,,https://www.letras.mus.br/caprichoso-boi-bumba/templos-de-ouro/
Caprichoso,Todo Amor Que Há Em Mim,O Canto da Floresta,2010,"Zezinho Cardoso, Mailzon Mendes, Alex Pontes, Álceo Anselmo",699,,https://www.letras.mus.br/caprichoso-boi-bumba/1671025/
Caprichoso,Tributo A Galdino Pataxó,A Estrela do Brasil,2005,Ronaldo Barbosa,1608,,https://www.letras.mus.br/caprichoso-boi-bumba/tributo-a-galdino-pataxo-2005/
Caprichoso,Veleiro Cabano, O Brado do Povo Guerreiro,2023,Ronaldo Barbosa,1246,,https://www.letras.mus.br/caprichoso-boi-bumba/veleiro-cabano/
Caprichoso,Wãnkõ-Fiandeira,O Canto da Floresta,2010,"Guto Kawakami, Geovane Bastos, Adriano Aguiar",784,,https://www.letras.mus.br/caprichoso-boi-bumba/1671036/
Caprichoso,Yaraware Erukê,O Centenário de Uma Paixão,2013,,697,,https://www.letras.mus.br/caprichoso-boi-bumba/yaraware-eruke/
Caprichoso,"Yuu Tsega, a Festa da Moça Nova",A Magia Que Encanta,2011,"Michael Trindade, Guto Kawakami, Artur Nascimento",910,,https://www.letras.mus.br/caprichoso-boi-bumba/1855908/
Caprichoso,6x0 (Toada Desafio),Um Canto de Esperança Para Mátria Brasilis,2019,"Eder Lima, Cesar Moraes, Izonildo Viana",1265,,https://www.letras.mus.br/caprichoso-boi-bumba/6x0-toada-desafio/
Caprichoso,A Árvore Ancestral,O Futuro É Agora,2008,"Geandro Pantoja, Demetrius Haidos",590,,https://www.letras.mus.br/caprichoso-boi-bumba/1251393/
Caprichoso,A Cura e a Fé,Viva Parintins!,2016,"Neil Armstrong, Hugo Levy",1824,,https://www.letras.mus.br/caprichoso-boi-bumba/a-cura-e-a-fe/
Caprichoso,A Força Que Vem do Azul,O Eldorado é Aqui,2007,"Carlos Paulain, Júnior Paulain",509,,https://www.letras.mus.br/caprichoso-boi-bumba/1032001/
Caprichoso,A Friagem,Amazônia: Nossa Luta Em Poesia,2022,Ronaldo Barbosa,1273,,https://www.letras.mus.br/caprichoso-boi-bumba/a-friagem/
Caprichoso,A Vida Me Fez Caprichoso,Um Canto de Esperança Para Mátria Brasilis,2019,"Rodrigo Novaes, Roberto Miranda, Rozenha",742,,https://www.letras.mus.br/caprichoso-boi-bumba/a-vida-me-fez-caprichoso/
Caprichoso,"Acalanta, Um Hino À Amazônia",Amazônia Tawàpayêra,2014,,1526,,https://www.letras.mus.br/caprichoso-boi-bumba/acalanta-um-hino-a-amazonia/
Caprichoso,Ajuricaba,Criação Cabocla,1996,Hélio Omar Conceição,567,,https://www.letras.mus.br/caprichoso-boi-bumba/ajuricaba/
Caprichoso,"Amazonas, Onde o Verde Encontra o Azul","Amazonas, Onde o Verde Encontra o Azul",2009,,880,,https://www.letras.mus.br/caprichoso-boi-bumba/1502953/
Caprichoso,Amazônia Cabocla,Amazônia Cabocla de Alma Indigena,2002,Cesar Moraes,1442,,https://www.letras.mus.br/caprichoso-boi-bumba/amazonia-cabocla/
Caprichoso,Apaixonado Torcedor,,,,1307,,https://www.letras.mus.br/caprichoso-boi-bumba/apaixonado-torcedor/
Caprichoso,Aquarela do Touro Negro,Cultura Cabocla,1991,Raimundinho Dutra,432,,https://www.letras.mus.br/caprichoso-boi-bumba/aquarela-do-touro-negro/
Caprichoso,Arena de Sonhos (Medley),Amazônia Tawàpayêra,2014,,488,,https://www.letras.mus.br/caprichoso-boi-bumba/arena-de-sonhos-medley/
Caprichoso,As Benzedeiras da Amazônia,Amazônia Solo Sagrado,2006,"Sebastião Junior, Edvander Batista",801,,https://www.letras.mus.br/caprichoso-boi-bumba/1256148/
Caprichoso,Boi de Santo,A Estrela do Brasil,2005,Simão Assayag,1317,,https://www.letras.mus.br/caprichoso-boi-bumba/1256141/
Caprichoso,Boi Estrela III,A Estrela do Brasil,2005,"Marcelo, Robson Jr, Márcio do Boi",664,,https://www.letras.mus.br/caprichoso-boi-bumba/261373/
Caprichoso,Brilho Azul,85 Anos de Cultura,1998,"Silvio Camaleão, Jango, Chiba",415,,https://www.letras.mus.br/caprichoso-boi-bumba/brilho-azul/
Caprichoso,Caboclo Caprichoso,O Eldorado é Aqui,2007,"Chico da Silva, Robson Papito",903,,https://www.letras.mus.br/caprichoso-boi-bumba/1190609/
Caprichoso,Campeão da Terra,O Centenário de Uma Paixão,2013,Cezar Moraes,531,,https://www.letras.mus.br/caprichoso-boi-bumba/campeao-da-terra/
Caprichoso,Canto Da Mata,,,,484,,https://www.letras.mus.br/caprichoso-boi-bumba/canto-da-mata/
Caprichoso,Canto de Despedida,Criação Cabocla,1996,Lélio Lauria,484,,https://www.letras.mus.br/caprichoso-boi-bumba/canto-de-despedida/
Caprichoso,Capricho de Monan,Amor e Paixão,2001,"David Jerônimo, Ademar Azevedo",380,,https://www.letras.mus.br/caprichoso-boi-bumba/1291151/
Caprichoso,Caximarro: As Três Guerreiras,Um Canto de Esperança Para Mátria Brasilis,2019,Geovane Bastos,718,,https://www.letras.mus.br/caprichoso-boi-bumba/caximarro-as-tres-guerreiras/
Caprichoso,Coração Azul e Branco,Bar do Boi Edição Histórica,1998,,489,,https://www.letras.mus.br/caprichoso-boi-bumba/coracao-azul-e-branco/
Caprichoso,Dança das Tribos,"Amazonas: Terra do Folclore, Fonte de Vida",2004,Ademar Azevedo,810,,https://www.letras.mus.br/caprichoso-boi-bumba/1256161/
Caprichoso,Dança do Norte (O Passinho),Cultura Que Resiste! (Ao Vivo No Bumbódromo),2021,"Henrique Gomes, Adriano Aguiar, Arlindinho Cruz",937,,https://www.letras.mus.br/caprichoso-boi-bumba/danca-do-norte/
Caprichoso,Denaquiê,Amazônia Cabocla de Alma Indigena,2002,,687,,https://www.letras.mus.br/caprichoso-boi-bumba/denaquie/
Caprichoso,Elo Azul,"Amazonas, Onde o Verde Encontra o Azul",2009,,893,,https://www.letras.mus.br/caprichoso-boi-bumba/1502945/
Caprichoso,Em Defesa Desse Chão,O Futuro É Agora,2008,"Frank Azevedo, Ademar Azevedo",785,,https://www.letras.mus.br/caprichoso-boi-bumba/1251392/
Caprichoso,Energia Incomparável,"Terra: Nosso Corpo, Nosso Espírito",2020,Leonardo Pantoja,523,,https://www.letras.mus.br/caprichoso-boi-bumba/energia-incomparavel/
Caprichoso,Estrela Dos Tupinambás,O Boi de Parintins,1997,Rainier de Carvalho,456,,https://www.letras.mus.br/caprichoso-boi-bumba/estrela-dos-tupinambas/
Caprichoso,Eu Sou Marujada,É Tempo de Retomada,2025,"Carlos Kaita, Naymê de Souza, José Quixito",939,,https://www.letras.mus.br/caprichoso-boi-bumba/eu-sou-marujada/
Caprichoso,Eu Vou Passar Por Cima,,,,884,,https://www.letras.mus.br/caprichoso-boi-bumba/eu-vou-passar-por-cima/
Caprichoso,Favorável Sentença,Um Canto de Esperança Para Mátria Brasilis,2019,Ronaldo Barbosa,1295,,https://www.letras.mus.br/caprichoso-boi-bumba/favoravel-sentenca/
Caprichoso,Fera Karamanaé,Amazônia Cabocla de Alma Indigena,2002,"Ronaldo Bazi, Cyro Cabral",734,,https://www.letras.mus.br/caprichoso-boi-bumba/968118/
Caprichoso,Festa da ilha Encantada,O Boi de Parintins,1997,"Wallace Maia, Carlos Batata",517,,https://www.letras.mus.br/caprichoso-boi-bumba/1251402/
Caprichoso,Fuzuê,"Terra: Nosso Corpo, Nosso Espírito 2",2021,"Edmundo Oran, Caetano Medeiros, Rodrigo Bitar",791,,https://www.letras.mus.br/caprichoso-boi-bumba/fuzue/
Caprichoso,Genê,Criação Cabocla,1996,Ronaldo Barbosa,1213,,https://www.letras.mus.br/caprichoso-boi-bumba/968119/
Caprichoso,Guardiãs,"Terra: Nosso Corpo, Nosso Espírito",2020,"Rodrigo Bitar, Ronaldo Yoshi",924,,https://www.letras.mus.br/caprichoso-boi-bumba/guardias/
Caprichoso,Ibirapema,"Amazonas: Terra do Folclore, Fonte de Vida",2004,Ronaldo Barbosa,597,,https://www.letras.mus.br/caprichoso-boi-bumba/967478/
Caprichoso,Ilha Tupinambarana,Cultura Cabocla,1989,,641,,https://www.letras.mus.br/caprichoso-boi-bumba/1769066/
Caprichoso,Item 19,Amazônia Tawàpayêra,2014,"Mailzon Mendes, Junior Pontes",689,,https://www.letras.mus.br/caprichoso-boi-bumba/item-19/
Caprichoso,Kamaramphi,Amazônia,2015,"Guto Kawakami, Geovane Bastos, Arthur Nascimento",921,,https://www.letras.mus.br/caprichoso-boi-bumba/kamaramphi/
Caprichoso,Lenda Amazônica II,,,,1289,,https://www.letras.mus.br/caprichoso-boi-bumba/lenda-amazonica-ii/
Caprichoso,Majestade na Evolução,O Eldorado é Aqui,2007,"Zé Renato, Miguel de Oliveira, Geovanna Gadelha",507,,https://www.letras.mus.br/caprichoso-boi-bumba/967479/
Caprichoso,Mãos Que Moldam o Azul,É Tempo de Retomada,2025,"Juarez Filho, Thyago Lima, Vitor Godinho",690,,https://www.letras.mus.br/caprichoso-boi-bumba/maos-que-moldam-o-azul/
Caprichoso,Meu Amazonas,"Amazonas, Onde o Verde Encontra o Azul",2009,"Frank Azevedo, Ademar Azevedo",779,,https://www.letras.mus.br/caprichoso-boi-bumba/1484142/
Caprichoso,Mística Marubo,,,"Ligiane Gaspar, Geovane Bastos",2131,,https://www.letras.mus.br/caprichoso-boi-bumba/mistica-marubo/
Caprichoso,Neñia: As Três Preces,Um Canto de Esperança Para Mátria Brasilis,2019,Ronaldo Barbosa,751,,https://www.letras.mus.br/caprichoso-boi-bumba/nenia-as-tres-preces/
Caprichoso,O Campeão Chegou!,É Tempo de Retomada,2025,"Caetano Medeiros, Adan Renê, Heider Elamide",610,,https://www.letras.mus.br/caprichoso-boi-bumba/o-campeao-chegou/
Caprichoso,O Contador de Histórias,,,"Vanessa Aguiar, Alquiza Maria, Adriano Aguiar",978,,https://www.letras.mus.br/caprichoso-boi-bumba/1855898/
Caprichoso,O Tambor da Terra,Cultura - o Triunfo do Povo,2024,"Ronaldo Barbosa, Ronaldo Barbosa Júnior",1754,,https://www.letras.mus.br/caprichoso-boi-bumba/o-tambor-da-terra/
Caprichoso,Olhos de Fogo,"Amazonas: Terra do Folclore, Fonte de Vida",2004,,1566,,https://www.letras.mus.br/caprichoso-boi-bumba/968122/
Caprichoso,Orvalho da Ilha,Raízes de Um Povo,1990,"Sales Santos, Hugo Levy, Lélio Lauria",438,,https://www.letras.mus.br/caprichoso-boi-bumba/orvalho-da-ilha/
Caprichoso,Pajelança,A Poética do Imaginário Caboclo,2017,Adriano Aguiar,901,,https://www.letras.mus.br/caprichoso-boi-bumba/pajelanca/
Caprichoso,Parintins em Festa II,O Canto da Floresta,2010,"Michael Trindade, Geovane Bastos, Adriano Aguiar",578,,https://www.letras.mus.br/caprichoso-boi-bumba/1671028/
Caprichoso,Pensamentos,O Canto da Floresta,2010,Paulinho Du Sagrado,744,,https://www.letras.mus.br/caprichoso-boi-bumba/1671031/
Caprichoso,Perfeita Evolução,Amazônia Tawàpayêra,2014,,544,,https://www.letras.mus.br/caprichoso-boi-bumba/perfeita-evolucao/
Caprichoso,Pescador de Esperanças,Luz e Mistérios da Floresta,1995,Sales Santos,402,,https://www.letras.mus.br/caprichoso-boi-bumba/1769071/
Caprichoso,Poder da Criação,Capricho dos Deuses,1994,Ronaldo Barbosa,699,,https://www.letras.mus.br/caprichoso-boi-bumba/o-poder-da-criacao/
Caprichoso,Presságio,A Poética do Imaginário Caboclo,2017,Ronaldo Barbosa,470,,https://www.letras.mus.br/caprichoso-boi-bumba/pressagio/
Caprichoso,Pretexto pra Amar,Cultura Cabocla,1989,Ariosto Braga,469,,https://www.letras.mus.br/caprichoso-boi-bumba/pretexto-pra-amar/
Caprichoso,Romaria a São Pedro,Amazônia Tawàpayêra,2014,,827,,https://www.letras.mus.br/caprichoso-boi-bumba/romaria-a-sao-pedro/
Caprichoso,Sereia,Caprichoso Alegria do Povo,1989,Raimundinho Dutra,190,,https://www.letras.mus.br/caprichoso-boi-bumba/sereia/
Caprichoso,Sonho de Caboclo (Rio Bonito),Capricho dos Deuses,1994,Ariosto Braga,687,,https://www.letras.mus.br/caprichoso-boi-bumba/sonho-de-caboclo-rio-bonito/
Caprichoso,Sublime Paixão,A Terra É Azul,2000,,495,,https://www.letras.mus.br/caprichoso-boi-bumba/1512563/
Caprichoso,Tacacazeiras Da Amazônia,O Eldorado é Aqui,2007,"David Jerônimo, Ademar Azevedo",770,,https://www.letras.mus.br/caprichoso-boi-bumba/tacacazeiras-da-amazonia/
Caprichoso,Tempo de Borboletas,"Amazonas, Onde o Verde Encontra o Azul",2009,Ronaldo Barbosa,1055,,https://www.letras.mus.br/caprichoso-boi-bumba/1502947/
Caprichoso,"Terra: Nosso Corpo, Nosso Espírito","Terra: Nosso Corpo, Nosso Espírito",2020,"Rodrigo Bitar, Ronaldo Yoshi",1022,,https://www.letras.mus.br/caprichoso-boi-bumba/terra-nosso-corpo-nosso-espirito/
Caprichoso,Tocaia Kagwahiva,,,"Paulinho Medeiros, Gerlean Brasil, Júnior Dabela, Everton Auzier",1746,,https://www.letras.mus.br/caprichoso-boi-bumba/tocaia-kagwahiva/
Caprichoso,Touro Rei,A Magia Que Encanta,2011,Cesar Moraes,682,,https://www.letras.mus.br/caprichoso-boi-bumba/1855891/
Caprichoso,Trilha da Mata,Um Canto de Esperança Para Mátria Brasilis,2019,Ronaldo Barbosa Júnior,957,,https://www.letras.mus.br/caprichoso-boi-bumba/trilha-da-mata/
Caprichoso,Tuiçaua – a Dança Das Morubixabas,,,"Adriano Aguiar, Ralrison Nascimento, Paulo Victor Costa",1445,,https://www.letras.mus.br/caprichoso-boi-bumba/tuicaua-a-danca-das-morubixabas/
Caprichoso,Uarytiuê,O Eldorado é Aqui,2007,"Geovane Bastos, Adriano Aguiar",550,,https://www.letras.mus.br/caprichoso-boi-bumba/uarytiue/
Caprichoso,Uruapeara,O Futuro É Agora,2008,"Silvio Camaleão, Neil Armstrong, Hugo Levy",960,,https://www.letras.mus.br/caprichoso-boi-bumba/1251387/
Caprichoso,Vaqueiro do Meu Boi,Caprichoso (1994),1994,,443,,https://www.letras.mus.br/caprichoso-boi-bumba/1512570/
Caprichoso,Velas Brancas,A Terra É Azul,2000,Ronaldo Barbosa Bookmark,813,,https://www.letras.mus.br/caprichoso-boi-bumba/1506236/
Caprichoso,Yebá: A Deusa Brasilis,Um Canto de Esperança Para Mátria Brasilis,2019,"Guto Kawakami, Gabriel Moraes, Fellipe Salviano",1011,,https://www.letras.mus.br/caprichoso-boi-bumba/yeba-a-deusa-brasilis/
Caprichoso,A Batalha dos Três Exércitos,"Terra: Nosso Corpo, Nosso Espírito",2020,"Guto Kawakami, Gabriel Moraes, Fellipe Salviano",1071,,https://www.letras.mus.br/caprichoso-boi-bumba/a-batalha-dos-tres-exercitos/
Caprichoso,A Chama Azul,"Terra: Nosso Corpo, Nosso Espírito",2020,Chico da Silva,679,,https://www.letras.mus.br/caprichoso-boi-bumba/a-chama-azul/
Caprichoso,A Chamada,Cultura Cabocla,1989,,620,,https://www.letras.mus.br/caprichoso-boi-bumba/a-chamada/
Caprichoso,A Chegada do Meu Boi 2,A Magia Que Encanta,2011,Adriano Aguiar,644,,https://www.letras.mus.br/caprichoso-boi-bumba/1855901/
Caprichoso,A Galopada,Amazônia Tawàpayêra,2014,,523,,https://www.letras.mus.br/caprichoso-boi-bumba/a-galopada/
Caprichoso,A Magia da Floresta,Luz e Mistérios da Floresta,1995,"Silvio Camaleão, Cleuma Lima",246,,https://www.letras.mus.br/caprichoso-boi-bumba/1504191/
Caprichoso,A Vaqueirada,Caprichoso (1994),1994,,359,,https://www.letras.mus.br/caprichoso-boi-bumba/a-vaqueirada/
Caprichoso,Advertência,Amazônia Tawàpayêra,2014,"Simão Assayag, Iézen Rocha",820,,https://www.letras.mus.br/caprichoso-boi-bumba/advertencia/
Caprichoso,Aí... Barra!,Amazônia Tawàpayêra,2014,,857,,https://www.letras.mus.br/caprichoso-boi-bumba/ai-barra/
Caprichoso,Aldeia Subterrânea,"Amazonas, Onde o Verde Encontra o Azul",2009,"Guto Kawakami, Ademar Azevedo",624,,https://www.letras.mus.br/caprichoso-boi-bumba/1502964/
Caprichoso,Alerta Marujada,Caprichoso Alegria do Povo,1989,Carlos Magno,162,,https://www.letras.mus.br/caprichoso-boi-bumba/alerta-marujada/
Caprichoso,Alma Azul e Branca,"Terra: Nosso Corpo, Nosso Espírito",2020,"Mauricio Filho, Domingos Barbugian, Júnior Coelho",613,,https://www.letras.mus.br/caprichoso-boi-bumba/alma-azul-e-branca/
Caprichoso,Amor Primeiro,Tudo É Azul,2000,,416,,https://www.letras.mus.br/caprichoso-boi-bumba/amor-primeiro/
Caprichoso,Apocalipse Xamânico,Sabedoria Popular: Uma Revolução Ancestral,2018,Geovane Bastos,934,,https://www.letras.mus.br/caprichoso-boi-bumba/apocalipse-xamanico/
Caprichoso,Aymá Sunhé,O Canto da Floresta,2010,"Silvio Camaleão, Neil Armstrong, Hugo Levy",707,,https://www.letras.mus.br/caprichoso-boi-bumba/1671035/
Caprichoso,Azul Alegria do Povo,Criação Cabocla,1996,"J. Carlos Portilho, Américo Madrugada",323,,https://www.letras.mus.br/caprichoso-boi-bumba/azul-alegria-do-povo/
Caprichoso,Azul de Corpo e Alma,"Terra: Nosso Corpo, Nosso Espírito 2",2021,"Neil Armstrong, Mailzon Mendes, Hugo Levy",904,,https://www.letras.mus.br/caprichoso-boi-bumba/azul-de-corpo-e-alma/
Caprichoso,Banzeiro de Felicidade,O Eldorado é Aqui,2007,Cesar Moares,514,,https://www.letras.mus.br/caprichoso-boi-bumba/967470/
Caprichoso,Beijo Azul,,,Ronaldo Barbosa,428,,https://www.letras.mus.br/caprichoso-boi-bumba/beijo-azul/
Caprichoso,Bem-Vindos os Visitantes,Caprichoso Alegria do Povo,1989,"José Carlos Portilho, Carlos Magno",332,,https://www.letras.mus.br/caprichoso-boi-bumba/bem-vindos-os-visitantes/
Caprichoso,Boi Estrela I,90 Anos de Raízes e Tradição,2003,,498,,https://www.letras.mus.br/caprichoso-boi-bumba/boi-estrela-i/
Caprichoso,Boieco da Baixa,"Amazonas: Terra do Folclore, Fonte de Vida",2004,"Chico da Silva, Tony Rossy, Carlos Rosa",435,,https://www.letras.mus.br/caprichoso-boi-bumba/1256153/
Caprichoso,Boto Sou Eu,"Amazonas: Terra do Folclore, Fonte de Vida",2004,"S. Camaleão, Neil Armstrong, Hugo Levy",603,,https://www.letras.mus.br/caprichoso-boi-bumba/987451/
Caprichoso,Brincando de Boi,"No Silêncio da Mata, Rufa Tamurá",1993,Aldenor,906,,https://www.letras.mus.br/caprichoso-boi-bumba/brincando-de-boi/
Caprichoso,Caboclo Ceramista,Amazônia Solo Sagrado,2006,"Neil Armstrong, Mailzon Mendes, Joel Maklouf, Hugo Levy, Arlindo Jr., Alex Pontes, Álceo Anselmo",662,,https://www.letras.mus.br/caprichoso-boi-bumba/1256151/
Caprichoso,Caboclo de Fé,Capricho dos Deuses,1994,Hélio Omar Conceição,499,,https://www.letras.mus.br/caprichoso-boi-bumba/caboclo-de-fe/
Caprichoso,Caboclo Perreché,,,Raimundinho Dutra,271,,https://www.letras.mus.br/caprichoso-boi-bumba/caboclo-perreche/
Caprichoso,Caboclo Sangue Azul,A Poética do Imaginário Caboclo,2017,,589,,https://www.letras.mus.br/caprichoso-boi-bumba/caboclo-sangue-azul/
Caprichoso,Canto Caboclo,90 Anos de Raízes e Tradição,2003,"Wenderson Figueiredo, Ronaldo Bazi, Mauro de Souza",906,,https://www.letras.mus.br/caprichoso-boi-bumba/1262794/
Caprichoso,Canto Caprichoso,85 Anos de Cultura,1998,"Carlos Paulain, Mauro Nogueira",507,,https://www.letras.mus.br/caprichoso-boi-bumba/canto-caprichoso/
Caprichoso,Canto do Uirapuru,A Arte de Folclorear,1992,"Ronaldo Barbosa, Carlos Paulain",572,,https://www.letras.mus.br/caprichoso-boi-bumba/canto-do-uirapuru/
Caprichoso,Canto Para Naruna,A Estrela do Brasil,2005,"Ronaldo Barbosa, Simão Assayag",749,,https://www.letras.mus.br/caprichoso-boi-bumba/967472/
Caprichoso,"Caprichoso, Estrela de David",Amazônia Tawàpayêra,2014,,646,,https://www.letras.mus.br/caprichoso-boi-bumba/caprichoso-estrela-de-david/
Caprichoso,Centenário de Amor,O Centenário de Uma Paixão,2013,"Jean Carlos Maciel, Adriana Cidade",774,,https://www.letras.mus.br/caprichoso-boi-bumba/centenario-de-amor/
Caprichoso,Chamamento,85 Anos de Cultura,1998,"Ronaldo Barbosa, Simão Assayag",610,,https://www.letras.mus.br/caprichoso-boi-bumba/967473/
Caprichoso,Contrário Fanfarrão,A Estrela do Brasil,2005,"Sandro Santos, Edilson Santana",644,,https://www.letras.mus.br/caprichoso-boi-bumba/461505/
Caprichoso,Cultura Cabocla,Cultura Cabocla,1991,José Carlos Portilho,510,,https://www.letras.mus.br/caprichoso-boi-bumba/cultura-cabocla/
Caprichoso,Desperta Caprichoso,Amor e Paixão,2001,"Eliberto Barroncas, Mailzon Mendes, José Augusto Cardoso, Álceo Anselmo",658,,https://www.letras.mus.br/caprichoso-boi-bumba/967935/
Caprichoso,Divina Estrela,Amazônia,2015,Alexandre Flexa,481,,https://www.letras.mus.br/caprichoso-boi-bumba/divina-estrela/
Caprichoso,Doce Cunhã,O Eldorado é Aqui,2007,"Paique Andrade, Chiba, Cesar Moraes",718,,https://www.letras.mus.br/caprichoso-boi-bumba/1282633/
Caprichoso,"Dowari, o Caminho Dos Mortos",Sabedoria Popular: Uma Revolução Ancestral,2018,Ronaldo Jr.,657,,https://www.letras.mus.br/caprichoso-boi-bumba/dowari-o-caminho-dos-mortos/
Caprichoso,Em Busca da Terra Sem Males,Amor e Paixão,2001,Ronaldo Barbosa,813,,https://www.letras.mus.br/caprichoso-boi-bumba/968102/
Caprichoso,Engeramento,Cultura - o Triunfo do Povo,2024,"Charles Silva, Adriano Aguiar, Waltinho Oliva",1363,,https://www.letras.mus.br/caprichoso-boi-bumba/engeramento/
Caprichoso,Erupção Azul,O Eldorado é Aqui,2007,"Zé Renato, Sandro Guerreiro, Marcos Freire",671,,https://www.letras.mus.br/caprichoso-boi-bumba/1192363/
Caprichoso,Estandarte do Meu Boi,Tudo É Azul,2000,"Silvio Camaleão, Hugo Levy, Arlindo Junior",1073,,https://www.letras.mus.br/caprichoso-boi-bumba/estandarte-do-meu-boi/
Caprichoso,Estrela Domadora,O Canto da Floresta,2010,"Guto Kawakami, Arthur Nascimento",652,,https://www.letras.mus.br/caprichoso-boi-bumba/1716263/
Caprichoso,Êxtase Xamânico,O Futuro É Agora,2008,"Marcelo Reis, Geandro Pantoja, Demetrius Haidos",601,,https://www.letras.mus.br/caprichoso-boi-bumba/1251386/
Caprichoso,Festa de São João,A Estrela do Brasil,2005,"Kamanxu, Alexandre Flexa, Ademar Azevedo",614,,https://www.letras.mus.br/caprichoso-boi-bumba/1256142/
Caprichoso,Flor da Fazenda,"No Silêncio da Mata, Rufa Tamurá",1993,Ariosto Braga,525,,https://www.letras.mus.br/caprichoso-boi-bumba/flor-da-fazenda/
Caprichoso,Galope da Vaqueirada,A Terra É Azul,2000,Cezar Moraes,516,,https://www.letras.mus.br/caprichoso-boi-bumba/galope-da-vaqueirada-2000/
Caprichoso,Gira Camisa Azulada,Viva Parintins!,2016,,1460,,https://www.letras.mus.br/caprichoso-boi-bumba/gira-camisa-azulada/
Caprichoso,Hutukara Yanomami — Um Canto Para Davi Kopenawa, O Brado do Povo Guerreiro,2023,Ronaldo Barbosa,716,,https://www.letras.mus.br/caprichoso-boi-bumba/hutukara-yanomami-um-canto-para-davi-kopenawa/
Caprichoso,I-Tabjuo,Criação Cabocla,1996,Hélio Omar Conceição,863,,https://www.letras.mus.br/caprichoso-boi-bumba/i-tabjuo/
Caprichoso,Iamã,"No Silêncio da Mata, Rufa Tamurá",1993,Ronaldo Barbosa,1122,,https://www.letras.mus.br/caprichoso-boi-bumba/iama/
Caprichoso,Imbatível Galera,Sabedoria Popular: Uma Revolução Ancestral,2018,"Luiz Carlos, Amaury Vasconcelos, Gilsinho Conceição, Judson Souza, Luciano Canavarro, Marcley Pantoja",575,,https://www.letras.mus.br/caprichoso-boi-bumba/imbativel-galera/
Caprichoso,Interação da Galera,"Amazonas, Onde o Verde Encontra o Azul",2009,Cesar Moraes,525,,https://www.letras.mus.br/caprichoso-boi-bumba/1502946/
Caprichoso,Ipotira,Amazônia Cabocla de Alma Indigena,2002,,609,,https://www.letras.mus.br/caprichoso-boi-bumba/ipotira/
Caprichoso,Juma,Viva Parintins!,2016,"Betinho Filho, Adriano Aguiar, Judson Souza, Marcus Becil, Malheiro Jr.",674,,https://www.letras.mus.br/caprichoso-boi-bumba/juma/
Caprichoso,Máscara de Aura,O Eldorado é Aqui,2007,Ademar Azevedo,687,,https://www.letras.mus.br/caprichoso-boi-bumba/1190610/
Caprichoso,"Maués, Terra Encantada",Caprichoso Alegria do Povo,1989,José Carlos Portilho,489,,https://www.letras.mus.br/caprichoso-boi-bumba/maues-terra-encantada/
Caprichoso,Mérito de Paixão,Amazônia Tawàpayêra,2014,"Zezinho Cardoso, Mailzon Mendes",472,,https://www.letras.mus.br/caprichoso-boi-bumba/merito-de-paixao/
Caprichoso,Meu Deus! É Maria,Um Canto de Esperança Para Mátria Brasilis,2019,Ronaldo Barbosa Júnior,870,,https://www.letras.mus.br/caprichoso-boi-bumba/meu-deus-e-maria/
Caprichoso,Minha Poesia,90 Anos de Raízes e Tradição,2003,"Zezinho Cardoso, Mailzon Mendes, Heliberto Barroncas, Álceo Anselmo",435,,https://www.letras.mus.br/caprichoso-boi-bumba/461506/
Caprichoso,Misterioso Kuraca,A Terra É Azul,2000,Bené Siqueira,629,,https://www.letras.mus.br/caprichoso-boi-bumba/945182/
Caprichoso,Monhangaripi,Viva Parintins!,2016,Geovane Bastos,911,,https://www.letras.mus.br/caprichoso-boi-bumba/monhangaripi/
Caprichoso,Navegantes do Folclore,O Boi de Parintins,1997,"Rui Machado, José Carlos Portilho",437,,https://www.letras.mus.br/caprichoso-boi-bumba/navegantes-do-folclore/
Caprichoso,Norte das Canoas,Amazônia,2015,Ronaldo Barbosa,640,,https://www.letras.mus.br/caprichoso-boi-bumba/norte-das-canoas/
Caprichoso,O Brado do Povo Guerreiro, O Brado do Povo Guerreiro,2023,"Ronaldo Barbosa, Adriano Aguiar, Ericky Nakanome",1726,,https://www.letras.mus.br/caprichoso-boi-bumba/o-brado-do-povo-guerreiro/
Caprichoso,O Futuro É Agora,O Futuro É Agora,2008,"Geandro Pantoja, Demetrius Haidos",646,,https://www.letras.mus.br/caprichoso-boi-bumba/1251383/
Caprichoso,O Mais Querido do Povão,Cultura - o Triunfo do Povo,2024,"Adriano Aguiar, Adriana Cidade",697,,https://www.letras.mus.br/caprichoso-boi-bumba/o-mais-querido-do-povao-2/
Caprichoso,O Senhor Dos Mil Nomes,Amazônia Cabocla de Alma Indigena,2002,"Waldir Santana, Robson Jr, Hugo Levy",737,,https://www.letras.mus.br/caprichoso-boi-bumba/968121/
Caprichoso,Os Pescadores (Heróis do Rio),Cultura Cabocla,1991,"Chico da Silva, Marcos Santos",544,,https://www.letras.mus.br/caprichoso-boi-bumba/1769067/
Caprichoso,"Paitunaré, o Cavaleiro das Águas",Viva Parintins!,2016,"Adriano Aguiar, Waltinho Oliva",1076,,https://www.letras.mus.br/caprichoso-boi-bumba/paitunare-o-cavaleiro-das-aguas/
Caprichoso,Parikás,Amazônia,2015,Ronaldo Barbosa,410,,https://www.letras.mus.br/caprichoso-boi-bumba/parikas/
Caprichoso,Parintins Caprichoso,90 Anos de Raízes e Tradição,2003,Raimundinho Dutra,612,,https://www.letras.mus.br/caprichoso-boi-bumba/parintins-caprichoso/
Caprichoso,"Parintintin, a Tribo",Viva Parintins!,2016,,2044,,https://www.letras.mus.br/caprichoso-boi-bumba/parintintin-a-tribo/
Caprichoso,Peregrino do Sol,90 Anos de Raízes e Tradição,2003,,601,,https://www.letras.mus.br/caprichoso-boi-bumba/peregrino-do-sol/
Caprichoso,Pérola Menina,90 Anos de Raízes e Tradição,2003,"Wenderson Figueiredo, Ronaldo Bazi, Mauro de Souza",509,,https://www.letras.mus.br/caprichoso-boi-bumba/1120784/
Caprichoso,Poronominare,Amazônia Solo Sagrado,2006,"Mauricio Filho, David Jerônimo, Cristiano Cordeiro, Ademar Azevedo",620,,https://www.letras.mus.br/caprichoso-boi-bumba/1256147/
Caprichoso,Raça Azul,"Amazonas, Onde o Verde Encontra o Azul",2009,,464,,https://www.letras.mus.br/caprichoso-boi-bumba/1502951/
Caprichoso,Rainha da Floresta,Amor e Paixão,2001,,524,,https://www.letras.mus.br/caprichoso-boi-bumba/rainha-da-floresta/
Caprichoso,Raízes de Um Povo,Raízes de Um Povo,1990,Chico da Silva,566,,https://www.letras.mus.br/caprichoso-boi-bumba/raizes-de-um-povo/
Caprichoso,Ritual Hi-Merimã,O Futuro É Agora,2008,Ademar Azevedo,805,,https://www.letras.mus.br/caprichoso-boi-bumba/1251391/
Caprichoso,Ritual Karajá,Caprichoso (1994),1994,,206,,https://www.letras.mus.br/caprichoso-boi-bumba/ritual-karaja/
Caprichoso,Ritual Mayoruna,"Amazonas, Onde o Verde Encontra o Azul",2009,Ademar Azevedo,649,,https://www.letras.mus.br/caprichoso-boi-bumba/1478736/
Caprichoso,S.O.S Peixe Boi,Cultura Cabocla,1991,Hélio Omar Conceição,426,,https://www.letras.mus.br/caprichoso-boi-bumba/s-o-s-peixe-boi/
Caprichoso,Sabedoria de Um Proeiro,O Futuro É Agora,2008,"Moisés Colares, Márcia Costa, João Kennedy, Eneas Dias",583,,https://www.letras.mus.br/caprichoso-boi-bumba/1251395/
Caprichoso,Santuário da Estrela,Amor e Paixão,2001,"Ronaldo Bazi, Cyro Cabral",630,,https://www.letras.mus.br/caprichoso-boi-bumba/1512560/
Caprichoso,Show da Galera,O Futuro É Agora,2008,Ademar Azevedo,769,,https://www.letras.mus.br/caprichoso-boi-bumba/1251382/
Caprichoso,Tá de Volta Meu Caprichoso,Amazônia: Nossa Luta Em Poesia,2022,"Uendel Pinheiro, Adriano Aguiar",1226,,https://www.letras.mus.br/caprichoso-boi-bumba/ta-de-volta-meu-caprichoso/
Caprichoso,Tambores da Resistência, O Brado do Povo Guerreiro,2023,"Malheiros Júnior, Ligiane Gaspar, Geovane Bastos",1047,,https://www.letras.mus.br/caprichoso-boi-bumba/tambores-da-resistencia/
Caprichoso,Tambores dos Mortos,Amazônia,2015,Geovane Bastos,899,,https://www.letras.mus.br/caprichoso-boi-bumba/tambores-dos-mortos/
Caprichoso,Tandawu,Viva Parintins!,2016,"Joel Almeida, Juarez Filho, Gabriel Moraes",822,,https://www.letras.mus.br/caprichoso-boi-bumba/tandawu/
Caprichoso,Toada do Cônsul,A Arte de Folclorear,1992,"Chico da Silva, Marcos Santos",584,,https://www.letras.mus.br/caprichoso-boi-bumba/1512569/
Caprichoso,Toada do Cuirão,Bar do Boi Edição Histórica,1998,Chico da Silva,473,,https://www.letras.mus.br/caprichoso-boi-bumba/toada-do-cuirao/
Caprichoso,Toada Serenata,85 Anos de Cultura,1998,Carlos Batata,670,,https://www.letras.mus.br/caprichoso-boi-bumba/1506237/
Caprichoso,Torés,Amazônia Cabocla de Alma Indigena,2002,Ronaldo Barbosa,461,,https://www.letras.mus.br/caprichoso-boi-bumba/1262802/
Caprichoso,Touro Negro II,"Amazonas: Terra do Folclore, Fonte de Vida",2004,"David Jerônimo, Ademar Azevedo",885,,https://www.letras.mus.br/caprichoso-boi-bumba/213854/
Caprichoso,Trigésima Dança,Viva Parintins!,2016,,2335,,https://www.letras.mus.br/caprichoso-boi-bumba/trigesima-danca/
Caprichoso,Triunfo Popular,Cultura - o Triunfo do Povo,2024,"Uendel Pinheiro, Adriana Cidade, Júnior Dabela, Otacílio Cardoso",621,,https://www.letras.mus.br/caprichoso-boi-bumba/triunfo-popular/
Caprichoso,Truda,Amazônia Cabocla de Alma Indigena,2002,Ronaldo Barbosa,621,,https://www.letras.mus.br/caprichoso-boi-bumba/461259/
Caprichoso,"Tupinambá, a Conquista",Viva Parintins!,2016,,1712,,https://www.letras.mus.br/caprichoso-boi-bumba/tupinamba-a-conquista/
Caprichoso,Viagem Xamânica,A Poética do Imaginário Caboclo,2017,"Saullo Vianna, Gabriel Moraes, Felipe Salviano, Elton Cabral",842,,https://www.letras.mus.br/caprichoso-boi-bumba/viagem-xamanica/
Caprichoso,Visitantes Queridos,Cultura Cabocla,1989,,455,,https://www.letras.mus.br/caprichoso-boi-bumba/1769065/
Caprichoso,Vitória Amazônica,Amazônia Cabocla de Alma Indigena,2002,Ronaldo Barbosa,510,,https://www.letras.mus.br/caprichoso-boi-bumba/968099/
Caprichoso,Viva Nossa Floresta!,Viva Parintins!,2016,,1946,,https://www.letras.mus.br/caprichoso-boi-bumba/viva-nossa-floresta/
Caprichoso,"Yanomami, Filhos da Terra",Viva Parintins!,2016,"Guto Kawakami, Geovane Bastos, Arthur Nascimento",798,,https://www.letras.mus.br/caprichoso-boi-bumba/yanomami-filhos-da-terra/
Caprichoso,Yoparanã,Criação Cabocla,1996,"Mailzon Mendes, Alex Pontes",454,,https://www.letras.mus.br/caprichoso-boi-bumba/1504186/
Caprichoso,"28, 29, 30",Luz e Mistérios da Floresta,1995,Raimundinho Dutra,470,,https://www.letras.mus.br/caprichoso-boi-bumba/1769078/
Caprichoso,A Oração da Montanha,Faz da Arte Sua História,1999,"Simão Assayag, Rainier de Carvalho, Mailzon Mendes, Álceo Anselmo",593,,https://www.letras.mus.br/caprichoso-boi-bumba/967466/
Caprichoso,Aiuri-Caua,"Amazonas, Onde o Verde Encontra o Azul",2009,Ronaldo Barbosa,965,,https://www.letras.mus.br/caprichoso-boi-bumba/1478737/
Caprichoso,Amarun Chacaruna,Viva Parintins!,2016,"Geovane Bastos, Adriano Aguiar",521,,https://www.letras.mus.br/caprichoso-boi-bumba/amarun-chacaruna/
Caprichoso,Amazonas Nosso Amor,A Estrela do Brasil,2005,,943,,https://www.letras.mus.br/caprichoso-boi-bumba/amazonas-nosso-amor-2005/
Caprichoso,"Amazonas: Terra do Folclore, Fonte de Vida","Amazonas: Terra do Folclore, Fonte de Vida",2004,Ronaldo Barbosa,915,,https://www.letras.mus.br/caprichoso-boi-bumba/1256156/
Caprichoso,Amor Contrário,Tudo É Azul,2000,"Silvio Camaleão, Arlindo Junior, Jorge França",828,,https://www.letras.mus.br/caprichoso-boi-bumba/amor-contrario/
Caprichoso,Amor Primeiro (2005),,,Ademar Azevedo,739,,https://www.letras.mus.br/caprichoso-boi-bumba/461503/
Caprichoso,Angaratã,90 Anos de Raízes e Tradição,2003,Cyro Cabral,769,,https://www.letras.mus.br/caprichoso-boi-bumba/967469/
Caprichoso,Aningal,"Amazonas, Onde o Verde Encontra o Azul",2009,"Geovane Bastos, Adriano Aguiar",713,,https://www.letras.mus.br/caprichoso-boi-bumba/1478741/
Caprichoso,Aui - Marajoara,Amazônia Solo Sagrado,2006,"Cyro Cabral, Álceo Anselmo",717,,https://www.letras.mus.br/caprichoso-boi-bumba/513529/
Caprichoso,Avalanche Azul,A Poética do Imaginário Caboclo,2017,,840,,https://www.letras.mus.br/caprichoso-boi-bumba/avalanche-azul/
Caprichoso,Azul e Branco,Bar do Boi Edição Histórica,1998,,332,,https://www.letras.mus.br/caprichoso-boi-bumba/azul-e-branco/
Caprichoso,Bandeira do Meu Boi,,,,289,,https://www.letras.mus.br/caprichoso-boi-bumba/bandeira-do-meu-boi/
Caprichoso,Baniwa - Guardiões do Mundo,O Eldorado é Aqui,2007,"Carlos Paulain, Júnior Paulain",601,,https://www.letras.mus.br/caprichoso-boi-bumba/baniwa-guardioes-do-mundo/
Caprichoso,Bem-vindos Os Visitantes/ Verso do Amo/ Maromba/ Sou Parintinense/ Escudeiros do Meu Boi,"Amazonas: Terra do Folclore, Fonte de Vida",2004,,1782,,https://www.letras.mus.br/caprichoso-boi-bumba/pout-pourri-2004/
Caprichoso,Boi Tucuxi,"As Cem Toadas da Nossa História, Vol. 1",2013,Raimundinho Dutra,544,,https://www.letras.mus.br/caprichoso-boi-bumba/boi-tucuxi/
Caprichoso,Boiuno,"Terra: Nosso Corpo, Nosso Espírito 2",2021,Ronaldo Barbosa,671,,https://www.letras.mus.br/caprichoso-boi-bumba/boiuno/
Caprichoso,Braços da Francesa,A Poética do Imaginário Caboclo,2017,Cezar Moraes,890,,https://www.letras.mus.br/caprichoso-boi-bumba/bracos-da-francesa/
Caprichoso,Brinca Boi Comigo,A Arte de Folclorear,1992,Raimundinho Dutra,461,,https://www.letras.mus.br/caprichoso-boi-bumba/brinca-boi-comigo/
Caprichoso,Brincando de Boi-bumbá,Amazônia Cabocla de Alma Indigena,2002,,948,,https://www.letras.mus.br/caprichoso-boi-bumba/967993/
Caprichoso,Bumba Meu Boi,Cultura Cabocla,1989,Lélio Afonso,686,,https://www.letras.mus.br/caprichoso-boi-bumba/bumba-meu-boi/
Caprichoso,Caboclo Lampreiro,Faz da Arte Sua História,1999,"Ronaldo Barbosa, Simão Assayag",541,,https://www.letras.mus.br/caprichoso-boi-bumba/caboclo-lampreiro/
Caprichoso,Caboclo Parintinense,Caprichoso Alegria do Povo,1989,Roberto Sidney,228,,https://www.letras.mus.br/caprichoso-boi-bumba/caboclo-parintinense/
Caprichoso,Campeão Ou Não,Raízes de Um Povo,1990,Chico da Silva,329,,https://www.letras.mus.br/caprichoso-boi-bumba/campeao-ou-nao/
Caprichoso,Canta Galera,A Arte de Folclorear,1992,Carlos Paulain,662,,https://www.letras.mus.br/caprichoso-boi-bumba/canta-galera/
Caprichoso,Cantos da Nossa Terra (part. Yrá Tikuna & Klinger Jr.),"Terra: Nosso Corpo, Nosso Espírito 2",2021,"Neil Armstrong, Yrá Tikuna, Bennett Carlos, Márcio Braz",752,,https://www.letras.mus.br/caprichoso-boi-bumba/cantos-da-nossa-terra-part-yra-tikuna-e-klinger-jr/
Caprichoso,Capricharteando,Luz e Mistérios da Floresta,1995,Ariosto Braga,508,,https://www.letras.mus.br/caprichoso-boi-bumba/1769074/
Caprichoso,Capricho da Morena,Capricho dos Deuses,1994,"Neil Armstrong, Arlindo Junior, Geraldo Brasil",829,,https://www.letras.mus.br/caprichoso-boi-bumba/capricho-da-morena/
Caprichoso,Caprichoso Na Evolução,A Estrela do Brasil,2005,"Marcos A. Pinheiro, Ademar Azevedo",924,,https://www.letras.mus.br/caprichoso-boi-bumba/216979/
Caprichoso,Cara Pintada,A Arte de Folclorear,1992,Aluízio Cerdeira,533,,https://www.letras.mus.br/caprichoso-boi-bumba/cara-pintada/
Caprichoso,Chamada do Boi / Cheguei Pra Brincar,"No Silêncio da Mata, Rufa Tamurá",1993,Boi Caprichoso,895,,https://www.letras.mus.br/caprichoso-boi-bumba/chamada-do-boi-cheguei-pra-brincar/
Caprichoso,Chuva Branca,Luz e Mistérios da Floresta,1995,"Paulo Jacob, J. Carlos Portilho",432,,https://www.letras.mus.br/caprichoso-boi-bumba/1769075/
Caprichoso,Cobra Grande (Caprichoso 2000),A Terra É Azul,2000,,540,,https://www.letras.mus.br/caprichoso-boi-bumba/cobra-grande-caprichoso-2000/
Caprichoso,Contrário Tu Diz Que Passa No Meu Terreiro,,,Raimundinho Dutra,400,,https://www.letras.mus.br/caprichoso-boi-bumba/contrario-tu-diz-que-passa-no-meu-terreiro/
Caprichoso,Cristal de Lua,O Eldorado é Aqui,2007,Hugo Levy-Neil Armstrong-Silvio Camaleão,556,,https://www.letras.mus.br/caprichoso-boi-bumba/1029845/
Caprichoso,Cultura – O Triunfo do Povo,Cultura - o Triunfo do Povo,2024,"Guto Kawakami, Geovane Bastos, Adriano Aguiar, Ericky Nakanome",1815,,https://www.letras.mus.br/caprichoso-boi-bumba/cultura-o-triunfo-do-povo/
Caprichoso,Cultura Que Resiste,Amazônia: Nossa Luta Em Poesia,2022,"Juarez Lima Filho, João Leão, Guto Kawakami",1105,,https://www.letras.mus.br/caprichoso-boi-bumba/cultura-que-resiste/
Caprichoso,Cunhã Tupinambá,"Amazonas: Terra do Folclore, Fonte de Vida",2004,Ivar Senzano,613,,https://www.letras.mus.br/caprichoso-boi-bumba/1256159/
Caprichoso,Cunhã-Poranga 99,Caprichoso faz da arte sua história,1999,"Rui Machado, Mailzon Mendes, Andréa Pontes",418,"Cancioneiro UEA (Cardoso, 2013)",https://www.letras.mus.br/caprichoso-boi-bumba/cunha-poranga-99/
Caprichoso,Dança do Meu Boi,"No Silêncio da Mata, Rufa Tamurá",1993,Neil Armstrong,545,,https://www.letras.mus.br/caprichoso-boi-bumba/danca-do-meu-boi/
Caprichoso,Desperta Galera,Raízes de Um Povo,1990,"Silvio Camaleão, Hugo Levy, Ariosto Braga",362,,https://www.letras.mus.br/caprichoso-boi-bumba/desperta-galera/
Caprichoso,Deusa Morena,A Arte de Folclorear,1992,"Silvio Camaleão, Neil Armistrong, Hugo Levi",762,,https://www.letras.mus.br/caprichoso-boi-bumba/1502949/
Caprichoso,Emoção a Delirar,Criação Cabocla,1996,Francinaldo Freitas,383,,https://www.letras.mus.br/caprichoso-boi-bumba/emocao-a-delirar/
Caprichoso,Encanto de Um Povo,"No Silêncio da Mata, Rufa Tamurá",1993,Sales Santos,695,,https://www.letras.mus.br/caprichoso-boi-bumba/1769068/
Caprichoso,Escudeiros do Meu Boi,"As Cem Toadas da Nossa História, Vol. 2",2013,"Chico da Silva, Silvio Camaleão",474,,https://www.letras.mus.br/caprichoso-boi-bumba/escudeiros-do-meu-boi/
Caprichoso,Escultor de Querubins,Faz da Arte Sua História,1999,"Eliberto Barroncas, Mailzon Mendes, José Augusto Cardoso, Álceo Anselmo",485,,https://www.letras.mus.br/caprichoso-boi-bumba/escultor-de-querubins/
Caprichoso,Espírito Manaó,O Futuro É Agora,2008,"Guto Kawakami, Ademar Azevedo",924,,https://www.letras.mus.br/caprichoso-boi-bumba/1251394/
Caprichoso,Estrela Azul,Amazônia Solo Sagrado,2006,"Silvio Camaleão, Neil Armstong, Hugo Levy",735,,https://www.letras.mus.br/caprichoso-boi-bumba/543260/
Caprichoso,Estrondo de Barranco, O Brado do Povo Guerreiro,2023,"Vanessa Aguiar, Adriana Cidade, Claudomiro Neto",708,,https://www.letras.mus.br/caprichoso-boi-bumba/estrondo-de-barranco/
Caprichoso,Eu Quero Te Amar,A Terra É Azul,2000,,526,,https://www.letras.mus.br/caprichoso-boi-bumba/eu-quero-te-amar-2000/
Caprichoso,Eu sou a marujada,,,"Carlos Kaita, Naymê de Souza, José Quixito",933,,https://www.letras.mus.br/caprichoso-boi-bumba/eu-sou-a-marujada/
Caprichoso,Explosão de Tambores,O Boi de Parintins,1997,Ronaldo Barbosa,369,,https://www.letras.mus.br/caprichoso-boi-bumba/explosao-de-tambores/
Caprichoso,Festa de Devoção,Faz da Arte Sua História,1999,"Silvio Camaleão, Roberto Araújo, Maristela Silva",668,,https://www.letras.mus.br/caprichoso-boi-bumba/219070/
Caprichoso,Flor da Aldeia,Amazônia Cabocla de Alma Indigena,2002,Cesar Moraes,704,,https://www.letras.mus.br/caprichoso-boi-bumba/flor-da-aldeia/
Caprichoso,Folclore Verdadeiro,Capricho dos Deuses,1994,Ricardo Corrêa,471,,https://www.letras.mus.br/caprichoso-boi-bumba/folclore-verdadeiro/
Caprichoso,Galope da Emoção,Um Canto de Esperança Para Mátria Brasilis,2019,"Amanda Ferreira, Luiz Carlos Magno, Maria Letícia Bulcão",1168,,https://www.letras.mus.br/caprichoso-boi-bumba/galope-da-emocao/
Caprichoso,Grito da Galera,Caprichoso Alegria do Povo,1989,,635,,https://www.letras.mus.br/caprichoso-boi-bumba/1502950/
Caprichoso,Guardião da Mata,Amazônia Solo Sagrado,2006,"Edilson Santana, Cyro Cabral",642,,https://www.letras.mus.br/caprichoso-boi-bumba/1256152/
Caprichoso,Hekurawetaris: Curadores da Terra,Um Canto de Esperança Para Mátria Brasilis,2019,"Ligiane Gaspar, Davi Nakauth, Cristian Coelho",2195,,https://www.letras.mus.br/caprichoso-boi-bumba/hekurawetaris/
Caprichoso,Heróis do Brasil,Um Canto de Esperança Para Mátria Brasilis,2019,,1040,,https://www.letras.mus.br/caprichoso-boi-bumba/herois-do-brasil/
Caprichoso,Kuarup (O Tronco Sagrado),"Amazonas: Terra do Folclore, Fonte de Vida",2004,Edmundo Oran,737,,https://www.letras.mus.br/caprichoso-boi-bumba/1256160/
Caprichoso,Lenda Amazônica III,,,,1815,,https://www.letras.mus.br/caprichoso-boi-bumba/lenda-amazonica-iii/
Caprichoso,Lição Cabocla,O Futuro É Agora,2008,"Geovane Bastos, Alquiza Maria, Adriano Aguiar",613,,https://www.letras.mus.br/caprichoso-boi-bumba/1251396/
Caprichoso,Mãe Andina,"No Silêncio da Mata, Rufa Tamurá",1993,"Ronaldo Barbosa, Carlos Paulain",872,,https://www.letras.mus.br/caprichoso-boi-bumba/mae-andina/
Caprichoso,Mãe Natureza,Caprichoso (1994),1994,,616,,https://www.letras.mus.br/caprichoso-boi-bumba/mae-natureza/
Caprichoso,Mar Azul de Amor,A Poética do Imaginário Caboclo,2017,"Moises Amazonas, Sandro Carneiro, Jeane Gomes, Varlindo Costa",555,,https://www.letras.mus.br/caprichoso-boi-bumba/mar-azul-de-amor/
Caprichoso,Marcas de um Povo,"Amazonas, Onde o Verde Encontra o Azul",2009,Guto Kawakami,908,,https://www.letras.mus.br/caprichoso-boi-bumba/1478740/
Caprichoso,Mestres e Mestras da Cultura,Cultura - o Triunfo do Povo,2024,"Arlen Barbosa, Rodrigo Martin, Rodrigo Gadelha",1247,,https://www.letras.mus.br/caprichoso-boi-bumba/mestres-e-mestras-da-cultura/
Caprichoso,Missionário da luz,Cultura Cabocla,1991,Chico da Silva,447,,https://www.letras.mus.br/caprichoso-boi-bumba/missionario-da-luz/
Caprichoso,Nações Valentes,Criação Cabocla,1996,"Baba, Silvio, Pezão",536,,https://www.letras.mus.br/caprichoso-boi-bumba/nacoes-valentes/
Caprichoso,Não Arrego Pra Nada,Viva Parintins!,2016,,1309,,https://www.letras.mus.br/caprichoso-boi-bumba/nao-arrego-pra-nada/
Caprichoso,Nirvana Xamânico (Versão 2),,,"Geovane Bastos, Adriano Aguiar",816,,https://www.letras.mus.br/caprichoso-boi-bumba/nirvana-xamanico-versao-2/
Caprichoso,No Capricho da Remada (in memoriam à Teixeira de Manaus),Cultura - o Triunfo do Povo,2024,"Thiago Reis, Moisés Colares, Ralrison Nascimento",1283,,https://www.letras.mus.br/caprichoso-boi-bumba/no-capricho-da-remada-in-memoriam-a-teixeira-de-manaus/
Caprichoso,Norte Azul,Amazônia,2015,,959,,https://www.letras.mus.br/caprichoso-boi-bumba/norte-azul/
Caprichoso,O Boi da Massa,"Amazonas, Onde o Verde Encontra o Azul",2009,Mauricio Filho,478,,https://www.letras.mus.br/caprichoso-boi-bumba/1478739/
Caprichoso,O Boi do Urubuzal,,,"Vanessa Aguiar, Edval Machado, Adriano Aguiar",1085,,https://www.letras.mus.br/caprichoso-boi-bumba/o-boi-do-urubuzal/
Caprichoso,O Mais Querido do Povão,,,"Adriano Aguiar, Adriana Cidade",1252,,https://www.letras.mus.br/caprichoso-boi-bumba/o-mais-querido-do-povao/
Caprichoso,Pajé de Guerra,"Terra: Nosso Corpo, Nosso Espírito",2020,Ronaldo Barbosa Júnior,1108,,https://www.letras.mus.br/caprichoso-boi-bumba/paje-de-guerra/
Caprichoso,Pálido de medo,A Estrela do Brasil,2005,Simão Assayag,591,,https://www.letras.mus.br/caprichoso-boi-bumba/1256143/
Caprichoso,Pariuaté-rã,A Terra É Azul,2000,Elaine Rodrigues,441,,https://www.letras.mus.br/caprichoso-boi-bumba/1262806/
Caprichoso,Passáro Primal,"Terra: Nosso Corpo, Nosso Espírito",2020,Ronaldo Barbosa,582,,https://www.letras.mus.br/caprichoso-boi-bumba/passaro-primal/
Caprichoso,Pérola Encantada,,,Cezar Moraes,962,,https://www.letras.mus.br/caprichoso-boi-bumba/perola-encantada/
Caprichoso,Pescador da Vida,90 Anos de Raízes e Tradição,2003,,693,,https://www.letras.mus.br/caprichoso-boi-bumba/pescador-da-vida/
Caprichoso,Pescador de Promessas,Caprichoso (1994),1994,,501,,https://www.letras.mus.br/caprichoso-boi-bumba/pescador-de-promessas/
Caprichoso,Planeta Azul,A Arte de Folclorear,1992,José Carlos Portilho,782,,https://www.letras.mus.br/caprichoso-boi-bumba/planeta-azul/
Caprichoso,Pout-pourri 2003,,,,1348,,https://www.letras.mus.br/caprichoso-boi-bumba/pout-pourri-2003/
Caprichoso,Profeta da Sabedoria,90 Anos de Raízes e Tradição,2003,Bené Siqueira,739,,https://www.letras.mus.br/caprichoso-boi-bumba/1262788/
Caprichoso,Rio Amazonas,"Amazonas: Terra do Folclore, Fonte de Vida",2004,Ademar Azevedo,522,,https://www.letras.mus.br/caprichoso-boi-bumba/1256158/
Caprichoso,Rito Ju'riju'rihuve'e,Viva Parintins!,2016,"Luís Armando, Arlen Barbosa",1063,,https://www.letras.mus.br/caprichoso-boi-bumba/jurijurihuvee/
Caprichoso,Ritual Ulaykímpia,90 Anos de Raízes e Tradição,2003,"Waldir Santana, Sebastião Junior, Robson Junior, Mailzon Mendes, Edvander Batista, Junior Reis",667,,https://www.letras.mus.br/caprichoso-boi-bumba/967484/
Caprichoso,Sangue do Trovão,A Estrela do Brasil,2005,Ronaldo Barbosa,622,,https://www.letras.mus.br/caprichoso-boi-bumba/968013/
Caprichoso,Solo Amado,Tudo É Azul,2000,Raimundinho Dutra,282,,https://www.letras.mus.br/caprichoso-boi-bumba/solo-amado/
Caprichoso,Sonho de Vaqueiro,Capricho dos Deuses,1994,José Carlos Portilho,948,,https://www.letras.mus.br/caprichoso-boi-bumba/sonho-de-vaqueiro/
Caprichoso,Sou Caboclo,A Arte de Folclorear,1992,Hélio Omar Conceição,849,,https://www.letras.mus.br/caprichoso-boi-bumba/sou-caboclo/
Caprichoso,Suiá,Amazônia Cabocla de Alma Indigena,2002,Lélio Lauria,630,,https://www.letras.mus.br/caprichoso-boi-bumba/suia/
Caprichoso,Tempo de Ungir,O Boi de Parintins,1997,,613,,https://www.letras.mus.br/caprichoso-boi-bumba/tempo-de-ungir/
Caprichoso,Terra de Bravos,A Poética do Imaginário Caboclo,2017,,633,,https://www.letras.mus.br/caprichoso-boi-bumba/terra-de-bravos/
Caprichoso,Terror Das Noites,Sabedoria Popular: Uma Revolução Ancestral,2018,Ronaldo Barbosa Jr.,1169,,https://www.letras.mus.br/caprichoso-boi-bumba/terror-das-noites/
Caprichoso,Tesouros da Cabanagem,A Poética do Imaginário Caboclo,2017,Guto Kawakami,857,,https://www.letras.mus.br/caprichoso-boi-bumba/tesouros-da-cabanagem/
Caprichoso,"Tic, Tic, Tac II",Faz da Arte Sua História,1999,Braulino Lima,332,,https://www.letras.mus.br/caprichoso-boi-bumba/219074/
Caprichoso,Toda Forma de Amor,,,"Igor Medeiros, Ericky Nakanome",829,,https://www.letras.mus.br/caprichoso-boi-bumba/toda-forma-de-amor/
Caprichoso,Toque de Berrante,,,,337,,https://www.letras.mus.br/caprichoso-boi-bumba/toque-de-berrante/
Caprichoso,Toque de Clarins,"As Cem Toadas da Nossa História, Vol. 3",2013,Chico da Silva,486,,https://www.letras.mus.br/caprichoso-boi-bumba/toque-de-clarins/
Caprichoso,Traidor,Sabedoria Popular: Uma Revolução Ancestral,2018,Ronaldo Barbosa,508,,https://www.letras.mus.br/caprichoso-boi-bumba/traidor/
Caprichoso,Tribo dos Kupe-Dyep,A Poética do Imaginário Caboclo,2017,"Neil Armstrong, Hugo Levy",1080,,https://www.letras.mus.br/caprichoso-boi-bumba/tribo-dos-kupe-dyep/
Caprichoso,Uakti,Amazônia Solo Sagrado,2006,"Silvio Camaleão, Neil Armstrong, Hugo Levy",902,,https://www.letras.mus.br/caprichoso-boi-bumba/1000327/
Caprichoso,Vaqueiro da Várzea,Faz da Arte Sua História,1999,"Hugo Levy, Antônio Ozias",1191,,https://www.letras.mus.br/caprichoso-boi-bumba/vaqueiro-da-varzea/
Caprichoso,Verdadeiro Boi-Bumbá,Raízes de Um Povo,1990,"G. Martins, Silvio Camaleão, Hugo Levy",450,,https://www.letras.mus.br/caprichoso-boi-bumba/verdadeiro-boi-bumba/
Caprichoso,Viagem Ao Mundo Dos Espíritos,Amazônia Solo Sagrado,2006,,961,,https://www.letras.mus.br/caprichoso-boi-bumba/viagem-ao-mundo-dos-espiritos/
Caprichoso,Vidas Indígenas Importam, O Brado do Povo Guerreiro,2023,Thais Kokama,1060,,https://www.letras.mus.br/caprichoso-boi-bumba/vidas-indigenas-importam/
Caprichoso,Vidas Ribeirinhas,Brinquedo Que Canta Seu Chão,2026,,1153,,https://www.letras.mus.br/caprichoso-boi-bumba/vidas-ribeirinhas/
Caprichoso,Waranã,"Terra: Nosso Corpo, Nosso Espírito",2020,"Emerson Maia, Emerson Maia Filho",819,,https://www.letras.mus.br/caprichoso-boi-bumba/warana/
Caprichoso,Xamã,Faz da Arte Sua História,1999,"Ronaldo Barbosa, Simão Assayag",586,,https://www.letras.mus.br/caprichoso-boi-bumba/1290647/
Caprichoso,A Força do Tambor, O Brado do Povo Guerreiro,2023,"Caetano Medeiros, Arlen Barbosa, Sinny Lopes",552,,https://www.letras.mus.br/caprichoso-boi-bumba/a-forca-do-tambor/
Caprichoso,Acalanta,,,"Simão Assayag, Cezar Moraes",1629,,https://www.letras.mus.br/caprichoso-boi-bumba/acalanta/
Caprichoso,Adeus Morena,,,"Sales Santos, Neil Armstrong",583,,https://www.letras.mus.br/caprichoso-boi-bumba/adeus-morena/
Caprichoso,Alquimia Azul,"Amazonas: Terra do Folclore, Fonte de Vida",2004,"Wenderson Figueiredo, Ronaldo Bazi, Mauro de Souza",759,,https://www.letras.mus.br/caprichoso-boi-bumba/212853/
Caprichoso,Alvorada Pro Meu Boi,A Arte de Folclorear,1992,Ronaldo Barbosa,526,,https://www.letras.mus.br/caprichoso-boi-bumba/alvorada-pro-meu-boi/
Caprichoso,Amor e Paixão,Amor e Paixão,2001,Cyro Cabral,745,,https://www.letras.mus.br/caprichoso-boi-bumba/1291153/
Caprichoso,Amor Maior,"Terra: Nosso Corpo, Nosso Espírito 2",2021,"Roberto Junior, Amaury Vasconcelos, Gean Souza, Júnior Dabela",721,,https://www.letras.mus.br/caprichoso-boi-bumba/amor-maior/
Caprichoso,Anhangá,"No Silêncio da Mata, Rufa Tamurá",1993,Aluízio Cerdeira,667,,https://www.letras.mus.br/caprichoso-boi-bumba/anhanga/
Caprichoso,Anjo Feiticeiro,Faz da Arte Sua História,1999,"Rainier de Carvalho, Andréa Pontes",544,,https://www.letras.mus.br/caprichoso-boi-bumba/219065/
Caprichoso,Apogeu da Borracha,A Arte de Folclorear,1992,Ronaldo Barbosa,817,,https://www.letras.mus.br/caprichoso-boi-bumba/apogeu-da-borracha/
Caprichoso,Areia Branca (Atravessei Baía),Caprichoso Alegria do Povo,1989,Raimundinho Dutra,242,,https://www.letras.mus.br/caprichoso-boi-bumba/areia-branca-atravessei-baia/
Caprichoso,Arte de Folclorear,A Arte de Folclorear,1992,Ariosto Braga,858,,https://www.letras.mus.br/caprichoso-boi-bumba/arte-de-folclorear/
Caprichoso,Artilharia Azulada,"Terra: Nosso Corpo, Nosso Espírito",2020,"Caio Almeida, Cezar Moraes, João Paulo Beltrão",433,,https://www.letras.mus.br/caprichoso-boi-bumba/artilharia-azulada/
Caprichoso,Awa Guajá – A Oferenda,Cultura - o Triunfo do Povo,2024,"Anderson Souza, Paulo Victor Costa, Claudia Naína",1376,,https://www.letras.mus.br/caprichoso-boi-bumba/awa-guaja-a-oferenda/
Caprichoso,Bandeira de Boi,Capricho dos Deuses,1994,Carlos Paulain,393,,https://www.letras.mus.br/caprichoso-boi-bumba/bandeira-de-boi/
Caprichoso,Boi Bege,,,,560,,https://www.letras.mus.br/caprichoso-boi-bumba/boi-bege/
Caprichoso,Boi de Amar,A Estrela do Brasil,2005,"Keandro Tavares, Franklin Jr, Aluízo Cerdeira",862,,https://www.letras.mus.br/caprichoso-boi-bumba/216977/
Caprichoso,Brincando Com a Catirina,Raízes de Um Povo,1990,"Carlos Paulain, Hélio Omar Conceição",684,,https://www.letras.mus.br/caprichoso-boi-bumba/brincando-com-a-catirina/
Caprichoso,Caboclas,"Terra: Nosso Corpo, Nosso Espírito",2020,Ronaldo Barbosa Jr.,884,,https://www.letras.mus.br/caprichoso-boi-bumba/caboclas/
Caprichoso,Caboclos Varzeiros,"No Silêncio da Mata, Rufa Tamurá",1993,Juvelino Souza,616,,https://www.letras.mus.br/caprichoso-boi-bumba/caboclos-varzeiros/
Caprichoso,Camaroeira,,,,630,,https://www.letras.mus.br/caprichoso-boi-bumba/camaroeira/
Caprichoso,Camisas Azuis,,,,350,,https://www.letras.mus.br/caprichoso-boi-bumba/camisas-azuis/
Caprichoso,Canto Tribal,Amazônia Solo Sagrado,2006,"Mauricio Filho, Ademar Azevedo",721,,https://www.letras.mus.br/caprichoso-boi-bumba/1256150/
Caprichoso,Capricho do Condor,85 Anos de Cultura,1998,"Mailzon Mendes, José Augusto Cardoso",579,,https://www.letras.mus.br/caprichoso-boi-bumba/capricho-do-condor/
Caprichoso,Caprichoso de Fé,Amor e Paixão,2001,Chico da Silva,631,,https://www.letras.mus.br/caprichoso-boi-bumba/967973/
Caprichoso,Caprichoso É Meu Viver,Amazônia Solo Sagrado,2006,"André Steffair, Ademar Azevedo",626,,https://www.letras.mus.br/caprichoso-boi-bumba/513530/
Caprichoso,Caprichoso Formoso,A Arte de Folclorear,1992,Carlos Magno,474,,https://www.letras.mus.br/caprichoso-boi-bumba/caprichoso-formoso/
Caprichoso,Caprichoso Magia de Um Povo,"No Silêncio da Mata, Rufa Tamurá",1993,José Carlos Portilho,617,,https://www.letras.mus.br/caprichoso-boi-bumba/caprichoso-magia-de-um-povo/
Caprichoso,Catirina do Boi,Cultura Cabocla,1989,"Carlos Paulain, Afonso da Silva",319,,https://www.letras.mus.br/caprichoso-boi-bumba/catirina-do-boi/
Caprichoso,Caxiromba,,,"Ronaldo Barbosa, Carlos Paulain, Tonzinho Saunier",649,,https://www.letras.mus.br/caprichoso-boi-bumba/caxiromba/
Caprichoso,Chegada,Raízes de Um Povo,1990,Juvenildo Santos,597,,https://www.letras.mus.br/caprichoso-boi-bumba/chegada/
Caprichoso,Consagração,Tudo É Azul,2000,"Mailzon Mendes, Álceo Anselmo, Eliberto Barroncas e José Agusto Cardoso",550,,https://www.letras.mus.br/caprichoso-boi-bumba/consagracao/
Caprichoso,Contrário Quer ir à Lua,,,Raimundinho Dutra,417,,https://www.letras.mus.br/caprichoso-boi-bumba/contrario-quer-ir-a-lua/
Caprichoso,Cunhã-Poranga 92,,,"Sales Santos, Neil Armstrong",725,,https://www.letras.mus.br/caprichoso-boi-bumba/cunha-poranga-92/
Caprichoso,Dança Sagrada,Amazônia Cabocla de Alma Indigena,2002,,559,,https://www.letras.mus.br/caprichoso-boi-bumba/danca-sagrada/
Caprichoso,Dança Tupaiú,Amazônia Cabocla de Alma Indigena,2002,"David Jerônimo, Ademar Azevedo",846,,https://www.letras.mus.br/caprichoso-boi-bumba/967474/
Caprichoso,De Volta Pro Curral,"No Silêncio da Mata, Rufa Tamurá",1993,"Ariosto Braga, Lélio Lauria",541,,https://www.letras.mus.br/caprichoso-boi-bumba/de-volta-pro-curral/
Caprichoso,Deita e Rola,Cultura Cabocla,1989,Carlos Magno,416,,https://www.letras.mus.br/caprichoso-boi-bumba/deita-e-rola/
Caprichoso,Delírio de Um Povo,"No Silêncio da Mata, Rufa Tamurá",1993,Carlos Magno,700,,https://www.letras.mus.br/caprichoso-boi-bumba/delirio-de-um-povo/
Caprichoso,Deusa do Dragão,Amazônia Solo Sagrado,2006,Ronaldo Barbosa,563,,https://www.letras.mus.br/caprichoso-boi-bumba/967475/
Caprichoso,Direitos da Terra,"Terra: Nosso Corpo, Nosso Espírito",2020,"Paulinho Du Sagrado, Gabriel Moraes",1207,,https://www.letras.mus.br/caprichoso-boi-bumba/direitos-da-terra/
Caprichoso,É Tempo de Boi,"No Silêncio da Mata, Rufa Tamurá",1993,Camilo Magno,615,,https://www.letras.mus.br/caprichoso-boi-bumba/e-tempo-de-boi/
Caprichoso,"Ê, Parente!",,,"Carlinhos Lauria, Bruce Bulcão, Carlos Tomé",1408,,https://www.letras.mus.br/caprichoso-boi-bumba/e-parente-2/
Caprichoso,Encanto Azul,,,José Carlos Portilho,948,,https://www.letras.mus.br/caprichoso-boi-bumba/encanto-azul/
Caprichoso,Estrela do Destino,"Terra: Nosso Corpo, Nosso Espírito 2",2021,"Gerlean Brasil, Caetano Medeiros, Sinny Lopes",970,,https://www.letras.mus.br/caprichoso-boi-bumba/estrela-do-destino/
Caprichoso,Exaltando o Boi de Parintins,O Boi de Parintins,1997,"Camilo Ramos, Izabel Porto, Emanuel Franco",410,,https://www.letras.mus.br/caprichoso-boi-bumba/exaltando-o-boi-de-parintins/
Caprichoso,Festa da Marujada,Amazônia Solo Sagrado,2006,"Suammy Patrocínio, Frank Júnior, Aluízio Cerdeira",343,,https://www.letras.mus.br/caprichoso-boi-bumba/1256146/
Caprichoso,Festa da Natureza,,,J. Carlos Portilho,366,,https://www.letras.mus.br/caprichoso-boi-bumba/festa-da-natureza/
Caprichoso,Festa do Povo,Raízes de Um Povo,1990,José Carlos Portilho,711,,https://www.letras.mus.br/caprichoso-boi-bumba/festa-do-povo/
Caprichoso,Filhos Das Águas,O Boi de Parintins,1997,Milka Maia,379,,https://www.letras.mus.br/caprichoso-boi-bumba/filhos-das-aguas/
Caprichoso,Galera Louca Paixão Azul,,,,673,,https://www.letras.mus.br/caprichoso-boi-bumba/galera-louca-paixao-azul/
Caprichoso,Gente Floresta,Amazônia: Nossa Luta Em Poesia,2022,"Malheiros Júnior, Ligiane Gaspar, Geovane Bastos",965,,https://www.letras.mus.br/caprichoso-boi-bumba/gente-floresta/
Caprichoso,Gira Meu Boi,Raízes de Um Povo,1990,"Chico da Silva, Marcos Santos",438,,https://www.letras.mus.br/caprichoso-boi-bumba/gira-meu-boi/
Caprichoso,Grito de Emoção,85 Anos de Cultura,1998,,532,,https://www.letras.mus.br/caprichoso-boi-bumba/grito-de-emocao/
Caprichoso,Grito de Guerra,O Boi de Parintins,1997,"Ronaldo Barbosa, Carlos Paulain",506,,https://www.letras.mus.br/caprichoso-boi-bumba/grito-de-guerra/
Caprichoso,Guerreiro do Meu Boi,Criação Cabocla,1996,"Baba, Silvio Camaleão",393,,https://www.letras.mus.br/caprichoso-boi-bumba/guerreiro-do-meu-boi/
Caprichoso,Guerreiro Sateré,A Arte de Folclorear,1992,Ronaldo Barbosa,784,,https://www.letras.mus.br/caprichoso-boi-bumba/guerreiro-satere/
Caprichoso,Hora de Brincar de Boi,Capricho dos Deuses,1994,Lélio Lauria,766,,https://www.letras.mus.br/caprichoso-boi-bumba/hora-de-brincar-de-boi/
Caprichoso,Iaru E Ceuci,90 Anos de Raízes e Tradição,2003,"Silvio Camaleão, Neil Armstrong, Hugo Levy",694,,https://www.letras.mus.br/caprichoso-boi-bumba/iaru-e-ceuci/
Caprichoso,Ilha,Raízes de Um Povo,1990,Aluízio Cerdeira,742,,https://www.letras.mus.br/caprichoso-boi-bumba/ilha/
Caprichoso,Imperatriz do Amazonas,"Amazonas: Terra do Folclore, Fonte de Vida",2004,,523,,https://www.letras.mus.br/caprichoso-boi-bumba/1256157/
Caprichoso,Incomparável Amor,Cultura - o Triunfo do Povo,2024,"Saullo Vianna, Celso Sabino",1402,,https://www.letras.mus.br/caprichoso-boi-bumba/incomparavel-amor/
Caprichoso,Incomparável Amor,,,"Saullo Vianna, Celso Sabino",756,,https://www.letras.mus.br/caprichoso-boi-bumba/incomparavel-amor-2/
Caprichoso,Lenda Amazônica I,,,,1239,,https://www.letras.mus.br/caprichoso-boi-bumba/lenda-amazonica-i/
Caprichoso,Linda Menina,Capricho dos Deuses,1994,Sales Santos,614,,https://www.letras.mus.br/caprichoso-boi-bumba/linda-menina/
Caprichoso,Luar Serenado,"No Silêncio da Mata, Rufa Tamurá",1993,Horácio Farias,440,,https://www.letras.mus.br/caprichoso-boi-bumba/luar-serenado/
Caprichoso,Maluco Por Meu Boi,85 Anos de Cultura,1998,"Geraldo Araujo, Alonso da Silva",583,,https://www.letras.mus.br/caprichoso-boi-bumba/maluco-por-meu-boi/
Caprichoso,Maria Fumaça,"Terra: Nosso Corpo, Nosso Espírito",2020,Ronaldo Barbosa,350,,https://www.letras.mus.br/caprichoso-boi-bumba/maria-fumaca/
Caprichoso,Marolando,Luz e Mistérios da Floresta,1995,"Ricardo Corrêa, Raimundinho Dutra, Ariosto Braga",409,,https://www.letras.mus.br/caprichoso-boi-bumba/1769076/
Caprichoso,Meu Cântico de Guerra,,,Raimundinho Dutra,494,,https://www.letras.mus.br/caprichoso-boi-bumba/meu-cantico-de-guerra/
Caprichoso,Mística Marubo,Cultura - o Triunfo do Povo,2024,"Ligiane Gaspar, Geovane Bastos",1361,,https://www.letras.mus.br/caprichoso-boi-bumba/mistica-marubo-2/
Caprichoso,Mocidade (Desfilando Na Cidade),,,Raimundinho Dutra,283,,https://www.letras.mus.br/caprichoso-boi-bumba/mocidade-desfilando-na-cidade/
Caprichoso,Morena Vem Ver (Pirilampos),,,Raimundinho Dutra,361,,https://www.letras.mus.br/caprichoso-boi-bumba/morena-vem-ver-pirilampos/
Caprichoso,Mulher Guerreira,Amazônia Solo Sagrado,2006,Tadeu Garcia,467,,https://www.letras.mus.br/caprichoso-boi-bumba/967480/
Caprichoso,No Azul de Deus,O Boi de Parintins,1997,"José Augusto Cardoso, Armando de Paiva",606,,https://www.letras.mus.br/caprichoso-boi-bumba/no-azul-de-deus/
Caprichoso,O Artista Parintinense,,,"Paulinho Medeiros, Mayra Cavalcante",690,,https://www.letras.mus.br/caprichoso-boi-bumba/o-artista-parintinense/
Caprichoso,O Senhor da Guerra,Amazônia Cabocla de Alma Indigena,2002,,842,,https://www.letras.mus.br/caprichoso-boi-bumba/o-senhor-da-guerra/
Caprichoso,O Senhor do Fogo Sagrado,Amazônia Solo Sagrado,2006,"Wenderson Figueiredo, Ronaldo Bazi, Mauro de Souza",760,,https://www.letras.mus.br/caprichoso-boi-bumba/967977/
Caprichoso,Paqarina: Consciência Tribal,"Terra: Nosso Corpo, Nosso Espírito",2020,"Malheiros Júnior, Guto Kawakami",1180,,https://www.letras.mus.br/caprichoso-boi-bumba/paquarina-consciencia-tribal/
Caprichoso,Pássaro Sonhador II,,,Carlos Batata,849,,https://www.letras.mus.br/caprichoso-boi-bumba/968123/
Caprichoso,Pedaço de Chão,"No Silêncio da Mata, Rufa Tamurá",1993,Daniel,708,,https://www.letras.mus.br/caprichoso-boi-bumba/pedaco-de-chao/
Caprichoso,Peregrinos da Amazônia,,,Cezar Moraes,630,,https://www.letras.mus.br/caprichoso-boi-bumba/peregrinos-da-amazonia/
Caprichoso,Poderoso Piaga,"No Silêncio da Mata, Rufa Tamurá",1993,Sales Santos,432,,https://www.letras.mus.br/caprichoso-boi-bumba/poderoso-piaga/
Caprichoso,Profecia Karajá,A Estrela do Brasil,2005,Ademar Azevedo,686,,https://www.letras.mus.br/caprichoso-boi-bumba/596316/
Caprichoso,Raça Pura,"Amazonas: Terra do Folclore, Fonte de Vida",2004,Ichico da Silva,504,,https://www.letras.mus.br/caprichoso-boi-bumba/213853/
Caprichoso,Rapaziada do Boi,,,Wilson Sanches,365,,https://www.letras.mus.br/caprichoso-boi-bumba/rapaziada-do-boi/
Caprichoso,Reahú / Comunhão do Espírito,"Terra: Nosso Corpo, Nosso Espírito",2020,"Ligiane Gaspar, Guto Kawakami",1300,,https://www.letras.mus.br/caprichoso-boi-bumba/reahu-comunhao-do-espirito/
Caprichoso,Rio Caprichoso,,,,614,,https://www.letras.mus.br/caprichoso-boi-bumba/rio-caprichoso/
Caprichoso,Rio de Alegria,"Terra: Nosso Corpo, Nosso Espírito",2020,"Mauricio Filho, Domingos Barbugian, Júnior Coelho",382,,https://www.letras.mus.br/caprichoso-boi-bumba/rio-de-alegria/
Caprichoso,Sacaca – Curadores da Floresta,Cultura - o Triunfo do Povo,2024,"Elton Junior, Yomarley Holanda, Lenart Mustaffa",1458,,https://www.letras.mus.br/caprichoso-boi-bumba/sacaca-curadores-da-floresta/
Caprichoso,Sentinela da Floresta,"Terra: Nosso Corpo, Nosso Espírito",2020,"Roberto Junior, Ricardo Fábio, Gerlean Brasil",704,,https://www.letras.mus.br/caprichoso-boi-bumba/sentinela-da-floresta/
Caprichoso,Serenou,Capricho dos Deuses,1994,Lélio Lauria,669,,https://www.letras.mus.br/caprichoso-boi-bumba/serenou/
Caprichoso,Sinhá Rainha da Fazenda,,,,713,,https://www.letras.mus.br/caprichoso-boi-bumba/sinha-rainha-da-fazenda/
Caprichoso,Soberana Cunhã,,,"Mailson Mendes, José Augusto Cardoso, Alex Pontes",821,,https://www.letras.mus.br/caprichoso-boi-bumba/soberana-cunha/
Caprichoso,Solo Sagrado,Criação Cabocla,1996,,472,,https://www.letras.mus.br/caprichoso-boi-bumba/solo-sagrado/
Caprichoso,Sou Parintinense,"Amazonas: Terra do folclore, fonte",2004,Roberto Sidney,472,"Cancioneiro UEA (Cardoso, 2013)",https://www.letras.mus.br/caprichoso-boi-bumba/sou-parintinense/
Caprichoso,Suraras do Beiradão, O Brado do Povo Guerreiro,2023,"Edmundo Oran, Caetano Medeiros, Rodrigo Bitar, Silvan Galvão, Ianny Borari, Keissi Borari",1617,,https://www.letras.mus.br/caprichoso-boi-bumba/suraras-do-beiradao/
Caprichoso,Terra Encantada,,,José Carlos Portilho,339,,https://www.letras.mus.br/caprichoso-boi-bumba/terra-encantada/
Caprichoso,Toque da Marujada,90 Anos de Raízes e Tradição,2003,,571,,https://www.letras.mus.br/caprichoso-boi-bumba/toque-da-marujada/
Caprichoso,Toque do Meu Tambor,Caprichoso (1994),1994,,436,,https://www.letras.mus.br/caprichoso-boi-bumba/toque-do-meu-tambor/
Caprichoso,Tradição e Raízes,90 Anos de Raízes e Tradição,2003,,713,,https://www.letras.mus.br/caprichoso-boi-bumba/tradicao-e-raizes/
Caprichoso,Tribo Brasil,Criação Cabocla,1996,"Geovane Bastos, Alquiza Maria, Adriano Aguiar",854,,https://www.letras.mus.br/caprichoso-boi-bumba/1484146/
Caprichoso,Tributo à Sila Massá,Raízes de Um Povo,1990,"Carlos Paulain, Hélio Omar Conceição",403,,https://www.letras.mus.br/caprichoso-boi-bumba/tributo-a-sila-massa/
Caprichoso,Trilha - O Levante da Vida / O Couro Vai Comer,,,"Adriana Cidade, Yomarley Holanda, Lenart Mustaffa",1928,,https://www.letras.mus.br/caprichoso-boi-bumba/introducao-o-couro-vai-comer/
Caprichoso,Triunfo Caprichoso - o Povo do Lado Ousado,,,Wallansom William,2273,,https://www.letras.mus.br/caprichoso-boi-bumba/triunfo-caprichoso-o-povo-do-lado-ousado/
Caprichoso,Universo Caprichoso,Amazônia Solo Sagrado,2006,Chico da Silva,801,,https://www.letras.mus.br/caprichoso-boi-bumba/1256144/
Caprichoso,Urrou Meu Boi,Caprichoso (1994),1994,,361,,https://www.letras.mus.br/caprichoso-boi-bumba/urrou-meu-boi/
Caprichoso,Vai Começar a Alegria,Raízes de Um Povo,1990,"Geraldo Brasil, B. Rafael",380,,https://www.letras.mus.br/caprichoso-boi-bumba/vai-comecar-a-alegria/
Caprichoso,Vamos Folclorear,A Arte de Folclorear,1992,Ariosto Braga,467,,https://www.letras.mus.br/caprichoso-boi-bumba/vamos-folclorear/
Caprichoso,Vamos Morenar,"No Silêncio da Mata, Rufa Tamurá",1993,Hélio Omar Conceição,735,,https://www.letras.mus.br/caprichoso-boi-bumba/vamos-morenar/
Caprichoso,Vaqueiro,,,Carlos Paulain,727,,https://www.letras.mus.br/caprichoso-boi-bumba/vaqueiro/
Caprichoso,Vaquejada,Caprichoso Alegria do Povo,1989,José Carlos Portilho,585,,https://www.letras.mus.br/caprichoso-boi-bumba/vaquejada/
Caprichoso,Vem Folclorear,,,Juvelino Souza,607,,https://www.letras.mus.br/caprichoso-boi-bumba/vem-folclorear/
Caprichoso,Vem Pra Roda Bailar,"No Silêncio da Mata, Rufa Tamurá",1993,"Ernandes, Elza Moura",391,,https://www.letras.mus.br/caprichoso-boi-bumba/vem-pra-roda-bailar/
Caprichoso,Viajando No Azul Infinito,85 Anos de Cultura,1998,Wallace Maia,540,,https://www.letras.mus.br/caprichoso-boi-bumba/1504187/
Caprichoso,Yaskomo,Amor e Paixão,2001,Bené Siqueira,573,,https://www.letras.mus.br/caprichoso-boi-bumba/yaskomo/
Caprichoso,Yukatã - A Flor da Manhã,A Terra É Azul,2000,Tony Rossi,701,,https://www.letras.mus.br/caprichoso-boi-bumba/968125/
Garantido,Perrecheiro,Parintins: Portal do Encantamento,2026,"Bruno Bulcão, Jaércio Curuatá, Alessandra Reis",1562,,https://www.letras.mus.br/garantido/perrecheiro/
Garantido,Kamara,Parintins: Portal do Encantamento,2026,"Paulo Lindoso, Geandro Matos, Jorge Renato",1221,,https://www.letras.mus.br/garantido/kamara/
Garantido,Aiyra Ibi Cunhã,Parintins: Portal do Encantamento,2026,"Paulinho Du Sagrado, Gabriel Stone, Cintra Mesquita",932,,https://www.letras.mus.br/garantido/aiyra-ibi-cunha/
Garantido,Vermelho,"Lendas, Rituais E Sonhos",1996,Chico da Silva,1750,,https://www.letras.mus.br/garantido/932931/
Garantido,Parintins: Portal do Encantamento,Parintins: Portal do Encantamento,2026,"João Kennedy, Gabriel Victor, Eneas Dias",1522,,https://www.letras.mus.br/garantido/parintins-portal-do-encantamento/
Garantido,Templo do Sol,Parintins: Portal do Encantamento,2026,"Bruno Bulcão, Jaércio Curuatá, Yuri Gomes",672,,https://www.letras.mus.br/garantido/templo-do-sol/
Garantido,Quilombo da Baixa,Parintins: Portal do Encantamento,2026,"Maurinho Magalhães, Jorge Moraes, Alex Jorge",724,,https://www.letras.mus.br/garantido/quilombo-da-baixa/
Garantido,Vermelho a Vida Toda,Parintins: Portal do Encantamento,2026,"Pedro Nogueira, Michel Trindade, Domingo Saviola",569,,https://www.letras.mus.br/garantido/vermelho-a-vida-toda/
Garantido,Um beijo na palma da mão,Garantido 2000 (Ao Vivo),2000,Chico da Silva,510,,https://www.letras.mus.br/garantido/671324/
Garantido,A Deusa das Águas,"Boi do Povo, Boi do Povão",2025,"Rodrigo Barros, Naferson Cruz, Inaldo Medeiros, Fernando Feitoza",1368,,https://www.letras.mus.br/garantido/a-deusa-das-aguas/
Garantido,Garantidada,Parintins: Portal do Encantamento,2026,"João Kennedy, Eneas Dias",1150,,https://www.letras.mus.br/garantido/garantidada/
Garantido,Parintins Para o Mundo Ver,Parintins Para O Mundo Ver,1997,"Jorge Aragão, Ana Paula Perrone",1438,,https://www.letras.mus.br/garantido/669762/
Garantido,A Travessia das Cinzas,Parintins: Portal do Encantamento,2026,"Andre Moraes, Marcos Lima, Maurinho Magalhães",898,,https://www.letras.mus.br/garantido/a-travessia-das-cinzas/
Garantido,Os Camisa Encarnada,Vida,2015,"Mauricio Filho, Ademar Azevedo",1089,,https://www.letras.mus.br/garantido/os-camisa-encarnada/
Garantido,Perrechéologia,"Boi do Povo, Boi do Povão",2025,"Bruno Bulcão, Nazira Marques, Jaércio Curuatá, Alessanda Reis",1380,,https://www.letras.mus.br/garantido/perrecheologia/
Garantido,Decima Nona Evolução,Parintins: Portal do Encantamento,2026,Tadeu Garcia,686,,https://www.letras.mus.br/garantido/decima-nona-evolucao/
Garantido,Lamento da Raça,"Lendas, Rituais E Sonhos",1996,Emerson Maia,1037,,https://www.letras.mus.br/garantido/669753/
Garantido,Miscigenação,Miscigenação,2011,"Eneas Dias, Arisson Mendonça",1791,,https://www.letras.mus.br/garantido/1826417/
Garantido,Pindova'úmi'ga,Parintins: Portal do Encantamento,2026,"Pedro Vilaça, Helen Veras, Sebrin",1111,,https://www.letras.mus.br/garantido/pindovaumiga/
Garantido,Pode Remar,"Boi do Povo, Boi do Povão",2025,"Márcia Novo, Luciano Nascimento, Daniel Carvalho, Leonardo Castelo",497,,https://www.letras.mus.br/garantido/pode-remar/
Garantido,"Boi do Povo, Boi do Povão","Boi do Povo, Boi do Povão",2025,"João Kennedy, Eneas Dias, Aldson Leão",1318,,https://www.letras.mus.br/garantido/boi-do-povo-boi-do-povao/
Garantido,Terceira Evolução,Parintins Para O Mundo Ver,1997,Tadeu Garcia,858,,https://www.letras.mus.br/garantido/513996/
Garantido,Vendaval de Amor Garantido,Amazônia do Povo Vermelho,2022,"Gaspar Medeiros, Cíntia Mesquita",653,,https://www.letras.mus.br/garantido/vendaval-de-amor-garantido/
Garantido,Festeiro de Santo,Parintins: Portal do Encantamento,2026,"José Ribeiro, Marlon Brandão, Ronan Carneiro",586,,https://www.letras.mus.br/garantido/festeiro-de-santo/
Garantido,O-Baiá,Somos o Povo da Floresta CD 2,2020,"Eneas Dias, Adriano Aguiar",1278,,https://www.letras.mus.br/garantido/o-baia/
Garantido,Ritual Hixkaryana,Parintins: Portal do Encantamento,2026,"Vanilson Oliveira, Geandro Matos, Demetrios Haidos",780,,https://www.letras.mus.br/garantido/ritual-hixkaryana/
Garantido,Geração Garantido,Miscigenação,2011,Emerson Faria Maia,907,,https://www.letras.mus.br/garantido/1944193/
Garantido,Treme Terra,Garantido Por Toda a Vida,2023,"Domingos Barbugian, Gaspar Medeiros, Cíntia Mesquita",1355,,https://www.letras.mus.br/garantido/treme-terra/
Garantido,Xamã Bahsese,"Boi do Povo, Boi do Povão",2025,"Andre Moraes, Pedro Vilaça, Helen Veras, Alex Jorge",523,,https://www.letras.mus.br/garantido/xama-bahsese/
Garantido,Esse Boi É Meu,"Boi do Povo, Boi do Povão",2025,"Paulo Lindoso, Domingos Barbugian, Jorge Renato, Gaspar Medeiros",1253,,https://www.letras.mus.br/garantido/esse-boi-e-meu/
Garantido,Toada da Vaqueirada,500 Anos De Passado Para Construir o Futuro,1998,"Tony Medeiros, Inaldo Medeiros, Edval Machado",968,,https://www.letras.mus.br/garantido/202872/
Garantido,Abaeté Tupi,Garantido 2000,2000,"Rozinaldo Carneiro, Marlon Brandão, Aldson Leão",923,,https://www.letras.mus.br/garantido/671311/
Garantido,Cunhã Poranga da Pele Vermelha,Esse Rio É Minha Vida,1993,Paulinho Du Sagrado,968,,https://www.letras.mus.br/garantido/cunha-poranga-da-pele-vermelha/
Garantido,O Sonho de Ipají,Parintins: Portal do Encantamento,2026,"Pedro Vilaça, Helen Veras, Sebrin",778,,https://www.letras.mus.br/garantido/o-sonho-de-ipaji/
Garantido,Perreché da Puraca,Segredos do Coração,2024,"Bruno Bulcão, Jaércio Curuatá",1865,,https://www.letras.mus.br/garantido/perreche-da-puraca/
Garantido,Segunda Evolução,"Lendas, Rituais E Sonhos",1996,Tadeu Garcia,428,,https://www.letras.mus.br/garantido/513995/
Garantido,Boi do Carmo,Uma Origem Cabocla,1991,Chico da Silva,540,,https://www.letras.mus.br/garantido/1418126/
Garantido,Quarta Evolução,500 Anos De Passado Para Construir o Futuro,1998,"Tadeu Garcia, Paulinho Du Sagrado",478,,https://www.letras.mus.br/garantido/182039/
Garantido,Louco Torcedor,Garantido 2001,2001,"Ricardo Lyra, Paula Perrone, Marcelo Dourado",659,,https://www.letras.mus.br/garantido/513993/
Garantido,Nossa Senhora de Parintins,Garantido 2001,2001,Paulinho Du Sagrado,2228,,https://www.letras.mus.br/garantido/817512/
Garantido,Nasci Pra Ser Vermelho,Auto da Resistência Cultural,2018,Cezar Moraes,480,,https://www.letras.mus.br/garantido/nasci-pra-ser-vermelho/
Garantido,Celebração da Fé,Fé,2014,Sebastiao Junior,1061,,https://www.letras.mus.br/garantido/celebracao-da-fe/
Garantido,Curupira,Garantido: O Boi do Centenário,2013,"Geandro Pantoja, Demetrios Haidos",1338,,https://www.letras.mus.br/garantido/curupira/
Garantido,Eterno Campeão,Garantido 2000,2000,"Johney Farias, Inaldo Medeiros",509,,https://www.letras.mus.br/garantido/671314/
Garantido,Mães da Floresta,Parintins: Portal do Encantamento,2026,"Chico da Silva, Geandro Matos",612,,https://www.letras.mus.br/garantido/maes-da-floresta/
Garantido,Quinta evolução,Garantido 1999,1999,Tadeu Garcia,680,,https://www.letras.mus.br/garantido/671320/
Garantido,Eldorado,Parintins Para O Mundo Ver,1997,Tony Medeiros,1635,,https://www.letras.mus.br/garantido/669744/
Garantido,Perrechézada,"Boi do Povo, Boi do Povão",2025,"João Kennedy, Eneas Dias, Jordana Bulcão",1109,,https://www.letras.mus.br/garantido/perrechezada/
Garantido,Sentei Junto Ao Pé da Roseira,,,Emerson Maia,286,,https://www.letras.mus.br/garantido/1770995/
Garantido,A Mais Bela Sinhazinha (2002),Boi Garantido - O Boi da Amazônia Vol.2,2002,"Fred Góes, Sidney Rezende",560,,https://www.letras.mus.br/garantido/1248953/
Garantido,Ninguém Segura o Nosso Amor,Parintins: Portal do Encantamento,2026,"Eneas Dias, Aldson Leão, Fran Canto",529,,https://www.letras.mus.br/garantido/ninguem-segura-o-nosso-amor/
Garantido,Manto Sagrado,Parintins: Portal do Encantamento,2026,"Domingos Barbugian, Marcos Aurélio Choy",453,,https://www.letras.mus.br/garantido/manto-sagrado/
Garantido,Marca da ausencia,Parintins Para O Mundo Ver,1997,"Tadeu Garcia, David Assayag",341,,https://www.letras.mus.br/garantido/669756/
Garantido,Rainha Encarnada,"Boi do Povo, Boi do Povão",2025,"Eneas Dias, Vyni",909,,https://www.letras.mus.br/garantido/rainha-encarnada/
Garantido,Vermelhou Geral,Segredos do Coração,2024,Chico da Silva,1491,,https://www.letras.mus.br/garantido/vermelhou-geral/
Garantido,Alma de Guerreiro,Boi Garantido - O Boi da Amazônia Vol.1,2002,Tadeu Garcia,426,,https://www.letras.mus.br/garantido/1326203/
Garantido,Boi da Cara Branca,Eterno Campeão,1989,"Inaldo Medeiros, Manoel Aporcino",261,,https://www.letras.mus.br/garantido/boi-da-cara-branca/
Garantido,Luzes Rubras,Garantido 2001,2001,Tadeu Garcia,907,,https://www.letras.mus.br/garantido/821024/
Garantido,Mapinguari,Parintins Para O Mundo Ver,1997,"Tony Medeiros, Inaldo Medeiros, Edval Machado",841,,https://www.letras.mus.br/garantido/669755/
Garantido,Naiá,"Mito, Cultura e Arte",1999,"Liduína Mendes, Inaldo Medeiros",385,,https://www.letras.mus.br/garantido/1326237/
Garantido,Sou Garantido,Emoção,2009,Murilo Pontes Maia,577,,https://www.letras.mus.br/garantido/1502967/
Garantido,Flor de Tucumã,Parintins Para O Mundo Ver,1997,Emerson Maia,604,,https://www.letras.mus.br/garantido/669746/
Garantido,"Sawé, a Resposta Somos Nós",Parintins: Portal do Encantamento,2026,"Geandro Matos, Fernando Feitoza, Auxiliadora Machado",733,,https://www.letras.mus.br/garantido/sawe-a-resposta-somos-nos/
Garantido,Décima Oitava Evolução,"Boi do Povo, Boi do Povão",2025,Tadeu Garcia,638,,https://www.letras.mus.br/garantido/decima-oitava-evolucao/
Garantido,Isa-a-Bela,Amazônia do Povo Vermelho,2022,Paulinho Du Sagrado,1044,,https://www.letras.mus.br/garantido/isa-bela/
Garantido,Matawi Kukenan,Miscigenação,2011,"Ronaldo Barbosa Jr., Rafael Marupiara",1227,,https://www.letras.mus.br/garantido/1944190/
Garantido,Pajé,Tradição 2012,2012,"Geandro Pantoja, Demetrios Haidos",1547,,https://www.letras.mus.br/garantido/paje/
Garantido,Sinhazinha do Meu Boi,Garantido 2001,2001,Tony Medeiros,324,,https://www.letras.mus.br/garantido/227351/
Garantido,Surubim Amnésico,Vida,2015,"Inaldo Medeiros, Gaspar, Caetano",604,,https://www.letras.mus.br/garantido/surubim-amnesico/
Garantido,Tacacazeiras,"Boi do Povo, Boi do Povão",2025,"Vanilson Oliveira, Geandro Pantoja, Demetrios Haidos, Cíntia Mesquita",708,,https://www.letras.mus.br/garantido/tacacazeiras/
Garantido,Artesãs Indígenas,"Boi do Povo, Boi do Povão",2025,"José Carlos, Geandro Matos, Wanderson Rodrigues, Ulisses Rodrigues",754,,https://www.letras.mus.br/garantido/artesas-indigenas/
Garantido,Boi de Pano,Garantido 2001,2001,"Tony Medeiros, Inaldo Medeiros",559,,https://www.letras.mus.br/garantido/817510/
Garantido,Deusa Cunhã,Garantido 2003 ,2003,"Helen Veras Filho, Darlan Braga",626,,https://www.letras.mus.br/garantido/1175972/
Garantido,Marupiara,Boi Garantido - O Boi da Amazônia Vol.1,2002,"Eneas Dias, Aldson Leão",865,,https://www.letras.mus.br/garantido/1326191/
Garantido,O Garantido É Pressão,"Boi do Povo, Boi do Povão",2025,"Domingos Barbugian, Gaspar Medeiros, Marcos Aurélio Choy, Fernando Feitoza",412,,https://www.letras.mus.br/garantido/o-garantido-e-pressao/
Garantido,Pindova'úmiga,,,"Pedro Vilaça, Helen Veras, Sebrin",1111,,https://www.letras.mus.br/garantido/pindovaumiga-2/
Garantido,Diva Rainha,"Terra, a Grande Maloca",2006,"Márcio Azevedo, Alder Oliveira",457,,https://www.letras.mus.br/garantido/1742457/
Garantido,Festa da Raça,Parintins Para O Mundo Ver,1997,Chico da Silva,568,,https://www.letras.mus.br/garantido/669745/
Garantido,Paixão de Coração,Paixão (2010),2010,"Geandro Pantoja, Demetrios Haidos",643,,https://www.letras.mus.br/garantido/1657751/
Garantido,Romaria Nas Águas,Garantido 2000,2000,Cyro Cabral,659,,https://www.letras.mus.br/garantido/1598413/
Garantido,A Grande Maloca,"Terra, a Grande Maloca",2006,"Geandro Pantoja, Demetrius Haidos",1272,,https://www.letras.mus.br/garantido/535706/
Garantido,A Toada,"Lendas, Rituais E Sonhos",1996,"Jocifran, Bené Siqueira",472,,https://www.letras.mus.br/garantido/669731/
Garantido,Ameríndia,Tradição 2012,2012,Eneas Dias,1054,,https://www.letras.mus.br/garantido/amerindia/
Garantido,"Garantido, Boi do Brasil","Boi do Povo, Boi do Povão",2025,"João Kennedy, Eneas Dias, Jordana Bulcão",675,,https://www.letras.mus.br/garantido/garantido-boi-do-brasil/
Garantido,Legião Vermelha,"Nós, o Povo",2019,Adriano Aguiar,736,,https://www.letras.mus.br/garantido/legiao-vermelha/
Garantido,Transcendência Kanamari,Segredos do Coração,2024,"Marco Aurelio, Naferson Cruz, Inaldo Medeiros, Nayara Caldas",849,,https://www.letras.mus.br/garantido/transcendencia-kanamari/
Garantido,Xô Urubu,Festa da Natureza,2005,"Dj' Rogério Lima, Cezar Moraes",533,,https://www.letras.mus.br/garantido/216984/
Garantido,A Conquista,500 Anos De Passado Para Construir o Futuro,1998,"Tony Mediros, Tony Medeiros, Inaldo Medeiros, Edvaldo Machado",665,,https://www.letras.mus.br/garantido/669794/
Garantido,A Contagem,"Lendas, Rituais E Sonhos",1996,Joel Gama,1223,,https://www.letras.mus.br/garantido/669730/
Garantido,A Vida Depende Da Vida,"Mito, Cultura e Arte",1999,"Tony Medeiros, Magno Aguiar",500,,https://www.letras.mus.br/garantido/a-vida-depende-da-vida/
Garantido,Coração de Torcedor,"Terra, a Grande Maloca",2006,Cezar Moraes,999,,https://www.letras.mus.br/garantido/535707/
Garantido,Curupira Da Amazônia,Boi Garantido - O Boi da Amazônia Vol.1,2002,Tadeu Garcia,527,,https://www.letras.mus.br/garantido/1326192/
Garantido,Esplendor de Beleza,Festa da Natureza,2005,"Jacinto Rebelo, Helen Veras Filho, Alberto Prestes",586,,https://www.letras.mus.br/garantido/239986/
Garantido,Flor da Fazenda,Garantido 2000,2000,José Carlos Rosa,502,,https://www.letras.mus.br/garantido/flor-da-fazenda/
Garantido,Identidade Encarnada,Emoção,2009,,513,,https://www.letras.mus.br/garantido/1502968/
Garantido,Povo do Garrote,"Nós, o Povo",2019,Adriano Aguiar,722,,https://www.letras.mus.br/garantido/povo-do-garrote/
Garantido,Tom Garantido,500 Anos De Passado Para Construir o Futuro,1998,"Tadeu Garcia, Hellen Veras Filho",661,,https://www.letras.mus.br/garantido/tom-garantido/
Garantido,A Lenda do Guaraná,Garantido 2003 ,2003,"Geandro Pantoja, Demetrios Haidos",709,,https://www.letras.mus.br/garantido/a-lenda-do-guarana/
Garantido,Boi do Povão,Templo das Eternas Lendas,1994,Marcos Lima,817,,https://www.letras.mus.br/garantido/1489308/
Garantido,Continente Perdido,500 Anos De Passado Para Construir o Futuro,1998,"Tony Mediros, João Melo, Inaldo Mediros, Cláudio Batista",574,,https://www.letras.mus.br/garantido/669835/
Garantido,Coração de Batuqueiro,"Amazônia, Coração Brasileiro",2004,"Marcos Lima, Inaldo Medeiros",665,,https://www.letras.mus.br/garantido/234562/
Garantido,Garantido Em Festa,Parintins Para O Mundo Ver,1997,"Tadeu Garcia, Paulinho Du Sagrado",1590,,https://www.letras.mus.br/garantido/669748/
Garantido,Gavião Real,Templo das Eternas Lendas,1994,Chico da Silva,330,,https://www.letras.mus.br/garantido/gaviao-real/
Garantido,Índio do Brasil,"Amazônia, Coração Brasileiro",2004,"Geandro Pantoja, Demetrios Haidos",752,,https://www.letras.mus.br/garantido/239987/
Garantido,Sinhazinha da Fazenda,Garantido 1999,1999,Tony Medeiros,389,,https://www.letras.mus.br/garantido/1969090/
Garantido,Tempo da Cabanagem,500 Anos De Passado Para Construir o Futuro,1998,"Tadeu Garcia, Paulinho Du Sagrado",600,,https://www.letras.mus.br/garantido/tempo-da-cabanagem/
Garantido,Amazonia Satuário Esmeralda,Esse Rio É Minha Vida,1993,"Geandro Pantoja, Demetrios Haidos",697,,https://www.letras.mus.br/garantido/963290/
Garantido,Evolução do Garantido,Garantido 2000 (Ao Vivo),2000,"Geandro Pantoja, Demetrios Haidos, Boi Bumbá Garantido",797,,https://www.letras.mus.br/garantido/evolucao-do-garantido/
Garantido,Juma,,,"Ronaldo Jr, Rafael Marupiara",879,,https://www.letras.mus.br/garantido/juma/
Garantido,"Kanarott, o Espírito da Floresta",Somos o Povo da Floresta CD 2,2020,Adriano Aguiar,1204,,https://www.letras.mus.br/garantido/kanarott-o-espirito-da-floresta/
Garantido,Menina Apaixonada,Emoção,2009,,577,,https://www.letras.mus.br/garantido/1502973/
Garantido,O Sedutor Das Águas,Miscigenação,2011,"Geandro Pantoja, Demetrios Haidos, Neto Cidade",1079,,https://www.letras.mus.br/garantido/1919456/
Garantido,A Mística Do Pajé,"Amazônia, Coração Brasileiro",2004,Paulinho Du Sagrado,678,,https://www.letras.mus.br/garantido/199659/
Garantido,Alma Rubra,,,"Otávio Guedes, Klinger Araújo, Artêmio Guedes",433,,https://www.letras.mus.br/garantido/1767370/
Garantido,Anunciei Boi Na Cidade,Eterno Campeão,1989,Mestre Ambrósio,286,,https://www.letras.mus.br/garantido/anunciei-boi-na-cidade/
Garantido,Aquarela da Amazônia,Festa da Natureza,2005,"Naferson Cruz, Geando Pantoja, Demetrios Haidos",680,,https://www.letras.mus.br/garantido/216980/
Garantido,Dinahi,,,"Geandro Pantoja, Demetrios Haidos",654,,https://www.letras.mus.br/garantido/671313/
Garantido,Estandarte do Amor,Miscigenação,2011,"Rafael Marupiara, Rafael Lacerda, Julio Queiroz",583,,https://www.letras.mus.br/garantido/estandarte-do-amor/
Garantido,Evolução,Uma Viagem Á Amazônia,1995,"Tadeu Garcia, David Assaiag",676,,https://www.letras.mus.br/garantido/657911/
Garantido,Filhos da Terra,"Boi do Povo, Boi do Povão",2025,Maurinho Magalhães,978,,https://www.letras.mus.br/garantido/filhos-da-terra/
Garantido,Garantido No Cio,,,Chico da Silva,444,,https://www.letras.mus.br/garantido/garantido-no-cio/
Garantido,Minha sina,Garantido 1999,1999,"Inaldo Medeiros, Osmael Alfaia",426,,https://www.letras.mus.br/garantido/671317/
Garantido,Nova Evolução,"Mito, Cultura e Arte",1999,"Paulinho Medeiros, Inaldo Mediros, Edval Machado, Cláudio Batista",589,,https://www.letras.mus.br/garantido/nova-evolucao/
Garantido,O Povo Negro da Amazônia,"Boi do Povo, Boi do Povão",2025,"Jorge Moraes, Helem Veras, Maneca Sobral, Sebrin",1393,,https://www.letras.mus.br/garantido/o-povo-negro-da-amazonia/
Garantido,Olhar de Curumim,"Boi do Povo, Boi do Povão",2025,"Pedro Nogueira, Paulo Almeida, Michael Trindade, Igor Serrão",838,,https://www.letras.mus.br/garantido/olhar-de-curumim/
Garantido,Rio Amazonas,Esse Rio É Minha Vida,1993,Emerson Maia,621,,https://www.letras.mus.br/garantido/rio-amazonas/
Garantido,Rubra Rainha,Miscigenação,2011,Julio Queiroz,618,,https://www.letras.mus.br/garantido/rubra-rainha/
Garantido,Sinhazinha Bela,Somos o Povo da Floresta,2020,"Márcio Azevedo, Silvano Baraúna",521,,https://www.letras.mus.br/garantido/sinhazinha-bela/
Garantido,Sonho de Liberdade,Garantido 1999,1999,"Chico da Silva, Tadeu Garcia, Roseane Novo",788,,https://www.letras.mus.br/garantido/671323/
Garantido,As Dimensões do Vaqueiro,Segredos do Coração,2024,Tadeu Garcia,720,,https://www.letras.mus.br/garantido/as-dimensoes-do-vaqueiro/
Garantido,Balanço do Norte,Vida,2015,"Jéssica Jacaúna, Eneas Dias",995,,https://www.letras.mus.br/garantido/balanco-do-norte/
Garantido,Encontro dos Povos,500 Anos De Passado Para Construir o Futuro,1998,"Tadeu Garcia, Rosiane Nôvo, Paulinho Du Sagrado",733,,https://www.letras.mus.br/garantido/1666175/
Garantido,Garantido Por Toda Vida,Garantido Por Toda a Vida,2023,"Marcos Moura, João Kennedy, Eneas Dias",1769,,https://www.letras.mus.br/garantido/garantido-por-toda-vida/
Garantido,Lendária Epopeia de Tamapú,Somos o Povo da Floresta CD 2,2020,"Vanessa Aguiar, Adriano Aguiar",1619,,https://www.letras.mus.br/garantido/lendaria-epopeia-de-tamapu/
Garantido,Luz e Cor,"Mito, Cultura e Arte",1999,"Inaldo Medeiros, Cláudio Batista",512,,https://www.letras.mus.br/garantido/luz-e-cor/
Garantido,Musa Rainha,,,"Tadeu Garcia, Paulinho Du Sagrado",295,,https://www.letras.mus.br/garantido/1715844/
Garantido,Nobre Guerreira,Miscigenação,2011,"Rafael Lacerda, Julio Queiroz",542,,https://www.letras.mus.br/garantido/1944198/
Garantido,Pajé Tribal,Somos o Povo da Floresta CD 2,2020,"Caetano Medeiros, Gaspar Medeiros",1305,,https://www.letras.mus.br/garantido/paje-tribal/
Garantido,Perreché Arretado,"Boi do Povo, Boi do Povão",2025,"Paulinho Du Sagrado, Cíntia Mesquita, Gabriel Stone",567,,https://www.letras.mus.br/garantido/perreche-arretado/
Garantido,Tupã Uputari,Uma Viagem Á Amazônia,1995,Tony Mediros,300,,https://www.letras.mus.br/garantido/669771/
Garantido,11° Evolução,,,Tadeu Garcia,672,,https://www.letras.mus.br/garantido/11-evolucao/
Garantido,A Emoção de Ser Garantido,Amazônia do Povo Vermelho 2,2022,"Rafael Santiago, Adriano Lima, Clemilton Pinto Peara",704,,https://www.letras.mus.br/garantido/a-emocao-de-ser-garantido/
Garantido,Amazônia Brasileira,Segredos do Coração,2024,"Paulinho Du Sagrado, Cíntia Mesquita, Gabriel Stone",833,,https://www.letras.mus.br/garantido/amazonia-brasileira/
Garantido,Apocalipse Karaja,"Lendas, Rituais E Sonhos",1996,Mencius Melo,827,,https://www.letras.mus.br/garantido/669735/
Garantido,Apocalypto Yanomami,Tradição 2012,2012,"Ronaldo Jr, Rafael Marupiara",1712,,https://www.letras.mus.br/garantido/apocalipto-yanomami/
Garantido,"Benção ""Du"" Carmo",Guardiões da Amazônia,2007,Paulinho Du Sagrado,897,,https://www.letras.mus.br/garantido/966989/
Garantido,Boi Carbono,Boi Garantido - O Boi da Amazônia Vol.1,2002,Fred Góes,558,,https://www.letras.mus.br/garantido/887822/
Garantido,Caboclo da Amazônia,Garantido 2003 ,2003,"Geandro Pantoja, Demetrios Haidos",792,,https://www.letras.mus.br/garantido/caboclo-da-amazonia/
Garantido,Coletores da Amazônia,Vida,2015,Cesar Moraes,673,,https://www.letras.mus.br/garantido/coletores-da-amazonia/
Garantido,Devaneios,Somos o Povo da Floresta CD 2,2020,"Ricardo Filho, Jaércio Anselmo, Bruno Bulcão, Yaçanã Bulcão",965,,https://www.letras.mus.br/garantido/devaneios/
Garantido,Diversidade,Somos o Povo da Floresta,2020,"Caetano Medeiros, Gaspar Medeiros",915,,https://www.letras.mus.br/garantido/diversidade/
Garantido,Festa do Povo Vermelho,Tradição 2012,2012,Eneas Dias,867,,https://www.letras.mus.br/garantido/festa-do-povo-vermelho/
Garantido,Guardiões da Amazônia,Guardiões da Amazônia,2007,"Geandro Pantoja, Demetrius Haidos",501,,https://www.letras.mus.br/garantido/965439/
Garantido,"Marupiara, Iniciação Munduruku",,,"Eneas Dias, Aldson Leão",1870,,https://www.letras.mus.br/garantido/marupiara-iniciacao-munduruku/
Garantido,Tapiraiauara,"Boi do Povo, Boi do Povão",2025,Fran Canto,486,,https://www.letras.mus.br/garantido/tapiraiauara/
Garantido,Tic Tic Tac,Esse Rio É Minha Vida,1993,Braulio Lima,795,,https://www.letras.mus.br/garantido/tic-tic-tac/
Garantido,Triunfo da Luz,"Nós, o Povo",2019,"Naferson Cruz, Demetrios Haidos",1099,,https://www.letras.mus.br/garantido/triunfo-da-luz/
Garantido,Um canto novo,"Lendas, Rituais E Sonhos",1996,,640,,https://www.letras.mus.br/garantido/669772/
Garantido,Verso do Amo - Desafio,Boi Garantido ao Vivo no Bumbódromo 2022,2023,João Paulo Faria,773,,https://www.letras.mus.br/garantido/verso-do-amo-desafio/
Garantido,A Casa Caiu,Magia e Fascinio No Coração da Amazônia,2017,"Marcos Boi, João Kennedy, Eneas Dias",667,,https://www.letras.mus.br/garantido/a-casa-caiu/
Garantido,Amantes Sonhadores,Miscigenação,2011,"Glaudemilson Batista, Alberto Andrade Neto",677,,https://www.letras.mus.br/garantido/1834402/
Garantido,Décima Sétima Evolução,Garantido Por Toda a Vida,2023,Tadeu Garcia,658,,https://www.letras.mus.br/garantido/decima-setima-evolucao/
Garantido,Despedida,Uma Viagem Á Amazônia,1995,Tadeu Garcia,365,,https://www.letras.mus.br/garantido/669743/
Garantido,Deusa,Garantido 2000,2000,Helen Veras,384,,https://www.letras.mus.br/garantido/513991/
Garantido,Dyurá e As Cem Luas,Garantido 2003 ,2003,Inaldo Medeiros,798,,https://www.letras.mus.br/garantido/992800/
Garantido,Estandarte da Baixa,Auto da Resistência Cultural,2018,"Paulinho Du Sagrado, Izoney Tomé",650,,https://www.letras.mus.br/garantido/estandarte-da-baixa/
Garantido,Fogo,Uma Viagem Á Amazônia,1995,"Alex, Inaldo Medeiros, Dé Monteverde",317,,https://www.letras.mus.br/garantido/669747/
Garantido,Garantido Sou Eu,500 Anos De Passado Para Construir o Futuro,1998,Jorge Aragão,637,,https://www.letras.mus.br/garantido/202871/
Garantido,Jeroky Kaiowá,Segredos do Coração,2024,"Fred Góes, Helen Veras, Alder Oliveira",931,,https://www.letras.mus.br/garantido/jeroky-kaiowa/
Garantido,Libertárias Guerreiras,Segredos do Coração,2024,"Fred Góes, Inaldo Medeiros",1282,,https://www.letras.mus.br/garantido/libertarias-guerreiras/
Garantido,Meu Nome É Povão,"Nós, o Povo",2019,"Jaércio Anselmo, Ricardo Gadelha, Neilor Anselmo, Bruno Bulcão",651,,https://www.letras.mus.br/garantido/meu-nome-e-povao/
Garantido,O Canto do Xamã Kanamari,Miscigenação,2011,"Jacinto Rebelo, Geandro Pantoja, Demetrius Haidos",836,,https://www.letras.mus.br/garantido/o-canto-do-xama-kanamari/
Garantido,O Galo Cantou,Antologia Garantido Vol. 1,2001,Boi Garantido,756,,https://www.letras.mus.br/garantido/o-galo-cantou/
Garantido,Oitava Evolução,Boi Garantido - O Boi da Amazônia Vol.1,2002,Tadeu Garcia,708,,https://www.letras.mus.br/garantido/1326178/
Garantido,Paraponera,Templo das Eternas Lendas,1994,Chico da Silva,613,,https://www.letras.mus.br/garantido/paraponera/
Garantido,Pátria Indígena (Mãos Vermelhas),Amazônia do Povo Vermelho,2022,Ronaldo Barbosa Jr.,892,,https://www.letras.mus.br/garantido/patria-indigena-maos-vermelhas/
Garantido,Povo de Alma Vermelha,Guardiões da Amazônia,2007,Paulinho Du Sagrado,925,,https://www.letras.mus.br/garantido/966825/
Garantido,Quimera Cabocla,Vida,2015,"Vanilson Oliveira, Murilo Maia",1849,,https://www.letras.mus.br/garantido/quimera-cabloca/
Garantido,Ritual Ajiê,"Boi do Povo, Boi do Povão",2025,"Geandro Matos, Demetrios Haidos, Antônio Silva, Nazira Marques",848,,https://www.letras.mus.br/garantido/ritual-ajie/
Garantido,Rubro coração,"Mito, Cultura e Arte",1999,"Tadeu Garcia, Paulinho Du Sagrado",408,,https://www.letras.mus.br/garantido/671321/
Garantido,São Benedito,500 Anos De Passado Para Construir o Futuro,1998,Chico da Silva,609,,https://www.letras.mus.br/garantido/671322/
Garantido,Wat´Amã,Garantido 2000,2000,,492,,https://www.letras.mus.br/garantido/watama/
Garantido,Yãkwa,Garantido 2003 ,2003,"Geandro Pantoja, Demetrios Haidos",894,,https://www.letras.mus.br/garantido/yawa/
Garantido,A Vida em Vermelho,Garantido 2003 ,2003,Paulinho Du Sagrado,608,,https://www.letras.mus.br/garantido/1007467/
Garantido,Alegria e Folclore,"Nós, o Povo",2019,"Rafael Marupiara, Eneas Dias",637,,https://www.letras.mus.br/garantido/alegria-e-folclore/
Garantido,Apaixonado Coração,Tradição 2012,2012,"Jéssica Jacaúna, Eneas Dias",674,,https://www.letras.mus.br/garantido/apaixonado-coracao/
Garantido,Balança Boi,Esse Rio É Minha Vida,1993,Tony Medeiros,344,,https://www.letras.mus.br/garantido/balanca-boi/
Garantido,Boa Noite Povo Amazonense,Eterno Campeão,1989,Metre Ambrósio,215,,https://www.letras.mus.br/garantido/boa-noite-povo-amazonense/
Garantido,Boi É Raiz,Segredos do Coração,2024,"Domingos Barbugian, George Japa, Gaspar Medeiros, Marcos Aurélio Choy",1141,,https://www.letras.mus.br/garantido/boi-e-raiz/
Garantido,Boi Valente,Uma Origem Cabocla,1991,Chico da Silva,285,,https://www.letras.mus.br/garantido/boi-valente/
Garantido,Chegou a hora,"Lendas, Rituais E Sonhos",1996,"Paulo Onça, George Jucá",332,,https://www.letras.mus.br/garantido/669742/
Garantido,Décima Sexta Evolução,,,Tadeu Garcia,868,,https://www.letras.mus.br/garantido/decima-sexta-evolucao/
Garantido,Deusa Das Cunhãs,Vida,2015,"Marco Aurelio, Sidney André, Helen Veras",414,,https://www.letras.mus.br/garantido/deusa-das-cunhas/
Garantido,Eu Sou a Toada,Celebração,2016,Cezar Moraes,1044,,https://www.letras.mus.br/garantido/eu-sou-a-toada/
Garantido,Evolução Vermelha,Garantido 2000,2000,"Inaldo Medeiros, Cláudio Batista",607,,https://www.letras.mus.br/garantido/1702844/
Garantido,Gigante Juma,"Amazônia, Coração Brasileiro",2004,"Geandro Pantoja, Demetrios Haidos",590,,https://www.letras.mus.br/garantido/234564/
Garantido,Guerreira Cunhã,Somos o Povo da Floresta CD 2,2020,"Marcos Moura, João Kennedy, Eneas Dias",800,,https://www.letras.mus.br/garantido/guerreira-cunha/
Garantido,Ipupiara,"Terra, a Grande Maloca",2006,"Rossy Carmo, Jacinto Rebelo, Geandro Pantoja, Demetrios Haidos",699,,https://www.letras.mus.br/garantido/1326255/
Garantido,Mãe da Mata,Miscigenação,2011,,1007,,https://www.letras.mus.br/garantido/mae-da-mata/
Garantido,Matinta,Auto da Resistência Cultural,2018,"Marcos Moura, João Kennedy, Eneas Dias",1055,,https://www.letras.mus.br/garantido/matinta/
Garantido,"Mawá, o Caçador de Almas",Vida,2015,"Rafael Lacerda, Cyro Cabral",859,,https://www.letras.mus.br/garantido/mawa-o-cacador-de-almas/
Garantido,Nações Extintas,Garantido 2001,2001,"Sidney Rezende, João Melo",720,,https://www.letras.mus.br/garantido/819462/
Garantido,Naruna Das Amazonas,Tradição 2012,2012,"Ronaldo Jr, Rafael Marupiara",985,,https://www.letras.mus.br/garantido/naruna-das-amazonas/
Garantido,Nominação Kayapó,Garantido Por Toda a Vida,2023,"Marcos Moura, João Kennedy, Eneas Dias",949,,https://www.letras.mus.br/garantido/nominacao-kayapo/
Garantido,O Sonho de Kanipaye-ro,Auto da Resistência Cultural,2018,Paulinho Du Sagrado,1032,,https://www.letras.mus.br/garantido/o-sonho-de-kanipaye-ro/
Garantido,Pajé Dos Pajés,Fé,2014,"Marcos Boi, Eneas Dias",767,,https://www.letras.mus.br/garantido/paje-dos-pajes/
Garantido,Perreché do Brasil,Auto da Resistência Cultural,2018,"Vanderlei Alvino, Ivo Meirelhes, Sandro Putnok",657,,https://www.letras.mus.br/garantido/perreche-do-brasil/
Garantido,Povo Amazônia,"Nós, o Povo",2019,Aldson Leão,517,,https://www.letras.mus.br/garantido/povo-amazonia/
Garantido,Senhora Vazante,"Terra, a Grande Maloca",2006,"Jacinto Rebelo, Helen Veras Filho, Carlos Taveira, Paulo Alcrim",701,,https://www.letras.mus.br/garantido/senhora-vazante/
Garantido,Somos o Povo da Floresta,Somos o Povo da Floresta CD 2,2020,"Fred Góes, Eneas Dias, Alder Oliveira, Adriano Aguiar",738,,https://www.letras.mus.br/garantido/somos-o-povo-da-floresta/
Garantido,Sou do São José,Garantido 2001,2001,Fred Góes,539,,https://www.letras.mus.br/garantido/819465/
Garantido,Yara e o Povo Peixe,Eu Amo Parintins,2021,"Salgadinho, Helen Veras Filho, Bruno Maia, André Ereiro",666,,https://www.letras.mus.br/garantido/yara-e-o-povo-peixe/
Garantido,Yawira Das Águas,Paixão (2010),2010,Rafael Lacerda,530,,https://www.letras.mus.br/garantido/1685943/
Garantido,A Arte da Evolução,"Terra, a Grande Maloca",2006,"Jacinto Rebelo, Geandro Pantoja, Demetrios Haidos",902,,https://www.letras.mus.br/garantido/a-arte-da-evolucao/
Garantido,A Fera Das Águas,"Mito, Cultura e Arte",1999,"Ronaldo Bazi, Ricardo Lyra, Cyro Cabral",542,,https://www.letras.mus.br/garantido/1326231/
Garantido,Aeon Xamanístico,Terra: a grande maloca,2006,"Rozinaldo Carneiro, Ronney Peixoto, Naferson Cruz",660,"Cancioneiro UEA (Cardoso, 2013)",https://www.letras.mus.br/garantido/aeon-tribal-2006/
Garantido,Além da Preservação,Amazônia do Povo Vermelho 2,2022,Kaison Jones Tribal,767,,https://www.letras.mus.br/garantido/alem-da-preservacao/
Garantido,Alto Amazonia,"Lendas, Rituais E Sonhos",1996,"Tadeu Garcia, David Assaiag",523,,https://www.letras.mus.br/garantido/669733/
Garantido,Amor Absoluto,Festa da Natureza,2005,Paulinho Du Sagrado,755,,https://www.letras.mus.br/garantido/657906/
Garantido,Amor Pra Vida Inteira,Paixão (2010),2010,"Paulo Queiroz, Inaldo Medeiros, Caetano Medeiros",478,,https://www.letras.mus.br/garantido/1685044/
Garantido,Andirá,Uma Viagem Á Amazônia,1995,"Sidney Rezende, Emerson Maia",870,,https://www.letras.mus.br/garantido/669734/
Garantido,Augusto da Emoção,Amazônia viva (CD branco),2001,Tadeu Garcia,560,"Cancioneiro UEA (Cardoso, 2013)",https://www.letras.mus.br/garantido/819460/
Garantido,Auto do Boi (2012),Tradição 2012,2012,Eneas Dias,511,,https://www.letras.mus.br/garantido/auto-do-boi/
Garantido,Auto do Boi Garantido,,,"Marcos Boi, João Kennedy, Eneas Dias",1378,,https://www.letras.mus.br/garantido/auto-do-boi-garantido/
Garantido,Baixa do São José,Eu Amo Parintins,2021,"Mauricio Filho, Domingos Barbugian, Júnior Coelho",582,,https://www.letras.mus.br/garantido/baixa-do-sao-jose/
Garantido,Bicho Folharal,Guardiões da Amazônia,2007,"Geandro Pantoja, Demetrios Haidos",492,,https://www.letras.mus.br/garantido/967140/
Garantido,Cabanagem,Amazônia do Povo Vermelho 2,2022,"Joel Almeida, Naferson Cruz, Gabriel Moraes, Rubens Alves",1936,,https://www.letras.mus.br/garantido/cabanagem/
Garantido,Cantos tribais,"Mito, Cultura e Arte",1999,"Tadeu Garcia, Cyro Cabral",833,,https://www.letras.mus.br/garantido/513990/
Garantido,Cidade de Lindolfo,Segredos do Coração,2024,"Chico da Silva, Sabá Moura",1064,,https://www.letras.mus.br/garantido/cidade-de-lindolfo/
Garantido,Dança do Fogo,"O Melhor de 94, 95, 96",1997,Paulinho Du Sagrado,506,,https://www.letras.mus.br/garantido/a-danca-do-fogo/
Garantido,Deuses Canibais,Festa da Natureza,2005,,726,,https://www.letras.mus.br/garantido/deuses-canibais/
Garantido,Garantido na Evolução,Garantido 2001,2001,Cláudio Batista,635,,https://www.letras.mus.br/garantido/821022/
Garantido,Gigante Mapinguari,Garantido: O Boi do Centenário,2013,"Naferson Cruz, Demetrios Haidos",752,,https://www.letras.mus.br/garantido/gigante-mapinguari/
Garantido,Hino da Alvorada,Somos o Povo da Floresta,2020,"Tony Medeiros, Caetano Medeiros, Gaspar Medeiros",588,,https://www.letras.mus.br/garantido/hino-da-alvorada/
Garantido,Índio,Uma Viagem Á Amazônia,1995,Emerson Maia,475,,https://www.letras.mus.br/garantido/669751/
Garantido,Legado Indígena,Amazônia do Povo Vermelho,2022,"Marcos Lima, Maurinho Magalhães, João Medeiros",1341,,https://www.letras.mus.br/garantido/legado-indigena/
Garantido,Linda Flor,Amazônia do Povo Vermelho,2022,Cíntia Mesquita,770,,https://www.letras.mus.br/garantido/linda-flor/
Garantido,Mãe Catirina,Eterno Campeão,1989,Fred Góes,168,,https://www.letras.mus.br/garantido/mae-catirina/
Garantido,Mãe Tupinambarana,Segredos do Coração,2024,"Cesar Moraes, Denison Bentes",672,,https://www.letras.mus.br/garantido/mae-tupinambarana/
Garantido,"Maracanandé, o Coração da Terra",Paixão (2010),2010,"Marcos Boi, Eneas Dias",875,,https://www.letras.mus.br/garantido/1685877/
Garantido,Maroaga,"Mito, Cultura e Arte",1999,"Tadeu Garcia, Cyro Cabral",646,,https://www.letras.mus.br/garantido/671316/
Garantido,Nação Kaxinauá,Amazônia Viva CD 1,2001,"Marlon Brandão, Inaldo Medeiros",609,,https://www.letras.mus.br/garantido/817511/
Garantido,Não Venha Me Desafiar,Garantido 2000,2000,"Ricardo Lyra, Paula Perrone, Marcelo Dourado",830,,https://www.letras.mus.br/garantido/nao-venha-me-desafiar/
Garantido,O Amor É Garantido,Somos o Povo da Floresta,2020,Rubens Alves,700,,https://www.letras.mus.br/garantido/o-amor-e-garantido/
Garantido,O Canto,Fé,2014,"Ronaldo Barbosa Júnior, Rafael Marupiara",998,,https://www.letras.mus.br/garantido/o-canto/
Garantido,Ogiva de Amor,Segredos do Coração,2024,"Cesar Moraes, Paulo da Silva, Bigo Marajó",543,,https://www.letras.mus.br/garantido/ogiva-de-amor/
Garantido,Origem Yãkwa,,,Rafael Lacerda,718,,https://www.letras.mus.br/garantido/origem-yakwa/
Garantido,Parintina Rainha,Segredos do Coração,2024,"Chico da Silva, Mário Paulain",762,,https://www.letras.mus.br/garantido/parintina-rainha/
Garantido,Pátria Mata,Folguedo de São João,1992,"Tony Medeiros, Inaldo Medeiros",626,,https://www.letras.mus.br/garantido/patria-mata/
Garantido,Pescadoras de Doações,"Amazônia, Coração Brasileiro",2004,"Rozinaldo Carneiro, Aldson Leão",728,,https://www.letras.mus.br/garantido/259876/
Garantido,Poema da Cachaça,,,"Mencius Melo, Luiz Alfredo Campos",546,,https://www.letras.mus.br/garantido/poema-da-cachaca/
Garantido,Quando Honorato Lutou Com Caninana,Amazônia do Povo Vermelho,2022,"Mencius Melo, Rubens Alves, Cíntia Mesquita, Alfredo Ca, Alfredo Campos",1327,,https://www.letras.mus.br/garantido/quando-honorato-lutou-com-caninana/
Garantido,Realeza Popular,"Nós, o Povo",2019,"Marcos Moura, João Kennedy, Eneas Dias",617,,https://www.letras.mus.br/garantido/realeza-popular/
Garantido,Ribeirinha,Segredos do Coração,2024,"Marcos Moura, João Kennedy, Eneas Dias",796,,https://www.letras.mus.br/garantido/ribeirinha/
Garantido,Ritual Dos Parintintin,Garantido: O Boi do Centenário,2013,"Geandro Pantoja, Demetrios Haidos",835,,https://www.letras.mus.br/garantido/ritual-dos-parintintin/
Garantido,Ritual Yaminawá,Paixão (2010),2010,"Vanderlei Alvino, Jacinto Rebelo, Demetrios Haidos, Neto Cidade",844,,https://www.letras.mus.br/garantido/ritual-yaminawa/
Garantido,Sete Espíritos,"Nós, o Povo",2019,Adriano Aguiar,755,,https://www.letras.mus.br/garantido/sete-espiritos/
Garantido,Sétima Evolução,Amazônia Viva CD 1,2001,Tadeu Garcia,544,,https://www.letras.mus.br/garantido/817513/
Garantido,Toada Tainakã,Garantido 2000,2000,"Liduína Mendes, Inaldo Medeiros",451,,https://www.letras.mus.br/garantido/toada-tainaka/
Garantido,Toadas de Roda,Somos o Povo da Floresta,2020,"Mario de Andrade, Marcos Moura, João Kennedy, Éneas Dias.",1386,,https://www.letras.mus.br/garantido/toadas-de-roda/
Garantido,Tom do Desafio,Garantido 2001,2001,Tadeu Garcia,611,,https://www.letras.mus.br/garantido/819464/
Garantido,Toque de Paixão,Garantido 1999,1999,"Ricardo Lyra, Ana Paula Perrone",584,,https://www.letras.mus.br/garantido/1659056/
Garantido,TURÉ,Paixão (2010),2010,"Rafael Marupiara, Jacinto Rebelo, Geandro Pantoja, Demetrius Haidos",921,,https://www.letras.mus.br/garantido/1685056/
Garantido,"Uirapuru, o Canto de Esperança",Somos o Povo da Floresta CD 2,2020,"Fred Góes, Felipe Sicsu, Alder Oliveira",1010,,https://www.letras.mus.br/garantido/uirapuru-o-canto-de-esperanca/
Garantido,Universo Místico Xavante,"Amazônia, Coração Brasileiro",2004,Rozinaldo Carneiro,678,,https://www.letras.mus.br/garantido/1326164/
Garantido,"Yara, Deusa Das Águas",,,"Rodrigo Barros, Naferson Cruz, Inaldo Medeiros, Fernando Feitoza",891,,https://www.letras.mus.br/garantido/yara-deusa-das-aguas/
Garantido,5 a 1 Vai Virar 6,Antologia Garantido Vol. 1,2001,Fred Góes,342,,https://www.letras.mus.br/garantido/5-a-1-vai-virar-6/
Garantido,A Farra do Boi,Somos o Povo da Floresta,2020,"Rozinaldo Carneiro, Everton Auzier",1890,,https://www.letras.mus.br/garantido/a-farra-do-boi/
Garantido,A Fera Canaymã,Magia e Fascinio No Coração da Amazônia,2017,"Vanilson Oliveira, Murilo Maia, Marcelo Maia, Marcello Prado, Bruno Maia, Jocir Campos",884,,https://www.letras.mus.br/garantido/a-fera-kanayma/
Garantido,A Íris da Criação,Magia e Fascinio No Coração da Amazônia,2017,Sebastiao Junior,830,,https://www.letras.mus.br/garantido/a-iris-da-criacao/
Garantido,Amazônia do Povo Vermelho (Templo de Luta),Amazônia do Povo Vermelho,2022,"Jaércio Anselmo, Bruno Bulcão",940,,https://www.letras.mus.br/garantido/amazonia-do-povo-vermelho-templo-de-luta/
Garantido,Amazônia Sinfonia Divina,O Boi da Preservação ,2008,,658,,https://www.letras.mus.br/garantido/1228297/
Garantido,"Amazônia, a Cura",Amazônia do Povo Vermelho,2022,"Cesar Moraes, Alexandre Ribeiro, Jackson Sicsú, Domingos Barbugian, Maicon Canesin, Tárcio Macambira, Ronaldo Macedo",1292,,https://www.letras.mus.br/garantido/amazonia-a-cura/
Garantido,As Remadas,Esse Rio É Minha Vida,1993,Paulo Silva,516,,https://www.letras.mus.br/garantido/as-remadas/
Garantido,Asas Do Coração,O Boi da Preservação ,2008,"Rossy do Carmo, Moises Amazonas, Lucas Amazonas",794,,https://www.letras.mus.br/garantido/1305306/
Garantido,Até Debaixo D'água,Somos o Povo da Floresta,2020,"Ivo Meirelles, Adriano Aguiar, Sandro Putnoki",420,,https://www.letras.mus.br/garantido/ate-debaixo-dagua/
Garantido,Até o Fim,Garantido Por Toda a Vida,2023,Eneas Dias,481,,https://www.letras.mus.br/garantido/ate-o-fim/
Garantido,Avermelhou,Tradição 2012,2012,"Marcelo Dourado, Eduardo Lacerda, Claudir Teixeira",611,,https://www.letras.mus.br/garantido/avermelhou/
Garantido,Baiás do Círculo Sagrado,Emoção,2009,,631,,https://www.letras.mus.br/garantido/1502937/
Garantido,Balanço do Meu Boi,Amazônia viva (CD branco),2001,"Magno Aguiar, Almir Souza",339,"Cancioneiro UEA (Cardoso, 2013)",https://www.letras.mus.br/garantido/818618/
Garantido,Bela Tupinambá,Boi Garantido - O Boi da Amazônia Vol.1,2002,Alex Pontes,664,,https://www.letras.mus.br/garantido/1326200/
Garantido,Boi Bonito,Uma Origem Cabocla,1991,Chico da Silva,597,,https://www.letras.mus.br/garantido/boi-bonito/
Garantido,Boi Pirata,O Boi da Preservação ,2008,Fred Góes,670,,https://www.letras.mus.br/garantido/1247122/
Garantido,Casa Das Flautas,Garantido 2000,2000,"Fred Góes, João Melo, Alder Oliveira",1030,,https://www.letras.mus.br/garantido/ritual-casa-das-flautas/
Garantido,Cawaiwa-Parintins,,,Boi Bumbá Garantido,425,,https://www.letras.mus.br/garantido/cawaiwa-parintins/
Garantido,Consciência Negra,Auto da Resistência Cultural,2018,Paulinho Du Sagrado,1397,,https://www.letras.mus.br/garantido/consciencia-negra/
Garantido,Coração do Meu Brasil,Garantido: O Boi do Centenário,2013,Nil Graça,491,,https://www.letras.mus.br/garantido/coracao-do-meu-brasil/
Garantido,Dança das Cores,,,Fred Góes,354,,https://www.letras.mus.br/garantido/danca-das-cores/
Garantido,Dança das Lanças,Garantido 1999,1999,Inaldo Medeiros,443,,https://www.letras.mus.br/garantido/1595341/
Garantido,Dasdô e o Barco do Encante,Guardiões da Amazônia,2007,"Paulo Marinho, Renato Bagre, Helen Veras Filho, Ana Paula Perrone",746,,https://www.letras.mus.br/garantido/1969088/
Garantido,Décima Quarta Evolução,Auto da Resistência Cultural,2018,Tadeu Garcia,725,,https://www.letras.mus.br/garantido/decima-quarta-evolucao/
Garantido,Deusa da Fazenda,Magia e Fascinio No Coração da Amazônia,2017,Geandro Matos,526,,https://www.letras.mus.br/garantido/deusa-da-fazenda/
Garantido,Dna Caboclo,Esse Rio É Minha Vida,1993,"Márcia Santos, Eneas Dias",562,,https://www.letras.mus.br/garantido/dna-caboclo/
Garantido,Eldorado (O Ritual),,,"Marcos Boi, João Kennedy, Eneas Dias",839,,https://www.letras.mus.br/garantido/eldorado-o-ritual/
Garantido,Emoção da Galera,Esse Rio É Minha Vida,1993,"Murilo Maia, Jacyara Oliveira, Gilney Junior",879,,https://www.letras.mus.br/garantido/1685058/
Garantido,Emoção Garantido,Emoção,2009,"Ruth Valente, Paulinho Du Sagrado, David Assayag",608,,https://www.letras.mus.br/garantido/1489311/
Garantido,Fantástica Amazônia,Vida,2015,"Ronaldo Jr, Rafael Marupiara",782,,https://www.letras.mus.br/garantido/fantastica-amazonia/
Garantido,Festa dos Anjos,Garantido 2003 ,2003,"Helen Veras, Darlan Braga",964,,https://www.letras.mus.br/garantido/festa-dos-anjos/
Garantido,Flechas Serpentes,"Nós, o Povo",2019,Rozinaldo Caneiro,797,,https://www.letras.mus.br/garantido/flechas-serpentes/
Garantido,Garrote Vencedor,Somos o Povo da Floresta,2020,"Alciro Neto, Joaquim Rodrigues",523,,https://www.letras.mus.br/garantido/garrote-vencedor/
Garantido,"Guaricaya, O Senhor Das Matas",O Boi da Preservação ,2008,"Vanderlei Alvino, Jacinto Rebelo",623,,https://www.letras.mus.br/garantido/1305308/
Garantido,Icamiabas,Esse Rio É Minha Vida,1993,"Tony Medeiros, Inaldo Medeiros",1023,,https://www.letras.mus.br/garantido/icamiabas/
Garantido,Índia guerreira,Folguedo de São João,1992,Paulo Silva,343,,https://www.letras.mus.br/garantido/669750/
Garantido,Jurupari,Celebração,2016,"Geandro Matos, Demetrius Haidos",767,,https://www.letras.mus.br/garantido/jurupari/
Garantido,Kayapó Xikrin,Tradição 2012,2012,"Geandro Pantoja, Demetrios Haidos",717,,https://www.letras.mus.br/garantido/kayapo-xikrin/
Garantido,Lamento Caboclo,Amazônia viva (CD branco),2001,Nicolas Júnior,881,"Cancioneiro UEA (Cardoso, 2013)",https://www.letras.mus.br/garantido/821023/
Garantido,Levantando a Galera,Templo das Eternas Lendas,1994,"Tony Medeiros, Inaldo Medeiros",394,,https://www.letras.mus.br/garantido/levantando-a-galera/
Garantido,Lindolfo Centenário,Boi Garantido - O Boi da Amazônia Vol.1,2002,,1016,,https://www.letras.mus.br/garantido/lindolfo-centenario/
Garantido,Lua Sinhá (Ao Vivo),Miscigenação,2011,"Murilo Maia, Eneas Dias",642,,https://www.letras.mus.br/garantido/lua-sinha-ao-vivo/
Garantido,Luz da Evolução,Boi Garantido - O Boi da Amazônia Vol.2,2002,Cláudio Batista,662,,https://www.letras.mus.br/garantido/810379/
Garantido,Luzes da rainha,Parintins Para O Mundo Ver,1997,,428,,https://www.letras.mus.br/garantido/669754/
Garantido,Macacos Vermelhos,Celebração,2016,"Mauricio Filho, Ademar Azevedo",645,,https://www.letras.mus.br/garantido/macacos-vermelhos/
Garantido,Magia das lanças,"Amazônia, Coração Brasileiro",2004,"Rafael Lacerda, Giovane Andrade, Flávio Farias",687,,https://www.letras.mus.br/garantido/987273/
Garantido,"Maraká, Ritual Xamanístico",Boi Garantido - O Boi da Amazônia Vol.1,2002,"Geandro Pantoja, Demetrios Haidos",822,,https://www.letras.mus.br/garantido/1326173/
Garantido,Maricá (Flechas Serpentes),Garantido 2001,2001,Cláudio Batista,709,,https://www.letras.mus.br/garantido/821971/
Garantido,"Minha Terra, Minha lenda",Boi Garantido - O Boi da Amazônia Vol.2,2002,Emerson Maia,552,,https://www.letras.mus.br/garantido/1326221/
Garantido,Morena Bela,Eterno Campeão,1989,"Tony Medeiros, Paulinho do Sagrado, Inaldo",311,,https://www.letras.mus.br/garantido/morena-bela/
Garantido,Morte do Sol,Parintins Para O Mundo Ver,1997,,539,,https://www.letras.mus.br/garantido/669759/
Garantido,Muiraquitã,"Amazônia, Coração Brasileiro",2004,Tadeu Garcia,1123,,https://www.letras.mus.br/garantido/1326169/
Garantido,O Giro da Vaqueirada,Boi Garantido - O Boi da Amazônia Vol.2,2002,"Marlon Brandão, Eder Lima, Claudir Teixeira",623,,https://www.letras.mus.br/garantido/843180/
Garantido,O Segredo das Máscaras,Garantido 2001,2001,"Geandro Pantoja, Demetrios Haidos",688,,https://www.letras.mus.br/garantido/821972/
Garantido,O Vaqueiro,Fé,2014,"Ronaldo Barbosa Jr., Rafael Marupiara",1070,,https://www.letras.mus.br/garantido/o-vaqueiro/
Garantido,PAIXÃO DE PARINTINS,Paixão (2010),2010,Jorge Aragão,1344,,https://www.letras.mus.br/garantido/1685052/
Garantido,Povos da Floresta,Somos o Povo da Floresta,2020,"Caetano Medeiros, Gaspar Medeiros",1007,,https://www.letras.mus.br/garantido/povo-da-floresta/
Garantido,PRA FALAR DE PAIXÃO,Paixão (2010),2010,Chico da Silva,597,,https://www.letras.mus.br/garantido/1685059/
Garantido,Pura harmonia,Garantido 1999 (Ao Vivo) ,1999,Emerson Maia,789,,https://www.letras.mus.br/garantido/670001/
Garantido,Quando Eu Chegar Pra Brincar,,,Braulino Lima,380,,https://www.letras.mus.br/garantido/quando-eu-chegar-pra-brincar/
Garantido,Ritual Dení,Emoção,2009,"Vanderlei Alvino, Demetrios Haidos",732,,https://www.letras.mus.br/garantido/1502939/
Garantido,Ritual Huni Kuin,Segredos do Coração,2024,"Marlon Brandão, Geandro Matos, Demetrios Haidos",1143,,https://www.letras.mus.br/garantido/ritual-huni-kuin/
Garantido,Ritual Kuarup,,,Tony Medeiros,659,,https://www.letras.mus.br/garantido/ritual-kuarup/
Garantido,Ritual Mehináku,Garantido 2003 ,2003,"Geandro Pantoja, Demetrios Haidos",909,,https://www.letras.mus.br/garantido/mehinaku/
Garantido,Rosas Vermelhas,Boi Garantido 2001 (Ao Vivo),2001,Eneas Dias,757,,https://www.letras.mus.br/garantido/rosas-vermelhas/
Garantido,Sedutora Das Águas,Tradição 2012,2012,"Jacinto Rebelo, Geandro Matos, Demetrios Haidos",562,,https://www.letras.mus.br/garantido/sedutora-das-aguas/
Garantido,Sentimento da Galera,Tradição 2012,2012,"Rafael Marupiara, Rafael Lacerda, Júlio Cézar Queiroz",503,,https://www.letras.mus.br/garantido/sentimento-da-galera/
Garantido,Seringueiro da Amazônia,Guardiões da Amazônia,2007,Rozinaldo Carneiro,709,,https://www.letras.mus.br/garantido/seringueiro-da-amazonia/
Garantido,Somos Povão,Somos o Povo da Floresta,2020,"Vanilson Oliveira, Valdenor Santos",421,,https://www.letras.mus.br/garantido/somos-povao/
Garantido,Sonho de paixão,Paixão (2010),2010,"Valteir Almeida, Paulinho Medeiros, Julio Queiroz",700,,https://www.letras.mus.br/garantido/1685941/
Garantido,Sou encarnado,Parintins Para O Mundo Ver,1997,"Zé Maria, Emerson Maia, Altemar",1110,,https://www.letras.mus.br/garantido/669796/
Garantido,Sou Parintins,500 Anos De Passado Para Construir o Futuro,1998,"João Kennedy, Eneas Dias",874,,https://www.letras.mus.br/garantido/sou-parintins/
Garantido,Sou Parintintin,,,Chico da Silva,459,,https://www.letras.mus.br/garantido/sou-parintintin/
Garantido,Terra Brasileira,Celebração,2016,"Helen Veras Filho, Murad Aziz, Diogo de Aguiar",970,,https://www.letras.mus.br/garantido/terra-brasileira/
Garantido,Tudo É Garantido,,,Boi Garantido,710,,https://www.letras.mus.br/garantido/tudo-e-garantido/
Garantido,Tuxauas,Fé,2014,"Marcela Augusta, Geandro Pantoja",652,,https://www.letras.mus.br/garantido/tuxauas/
Garantido,Vaqueiros da Baixa,Somos o Povo da Floresta,2020,"Ralrison Nascimento, Yuri Goes, Narciso Siqueira, Marcela Canto",670,,https://www.letras.mus.br/garantido/vaqueiros-da-baixa/
Garantido,Vermelho Garantido,,,"Murilo Maia, Jacyara Oliveira",528,,https://www.letras.mus.br/garantido/vermelho-garantido/
Garantido,Ynhangõrom,Festa da Natureza,2005,"Naferson Cruz, Geandro Pantoja, Demetrios Haidos",551,,https://www.letras.mus.br/garantido/1248962/
Garantido,A Chegada,Amazônia Viva CD 1,2001,"Roseane Novo, Helen Veras Filho",747,,https://www.letras.mus.br/garantido/819459/
Garantido,A Força do Povão,,,,510,,https://www.letras.mus.br/garantido/967462/
Garantido,Águas,Boi Garantido - O Boi da Amazônia Vol.1,2002,"Marlon Brandão, Eder Lima, Claudir Texeira",691,,https://www.letras.mus.br/garantido/1326188/
Garantido,Águas de Amor e Canção,Eu Amo Parintins,2021,Emerson Maia,767,,https://www.letras.mus.br/garantido/aguas-de-amor-e-cancao/
Garantido,Aldeia do Fogo Celestial,Amazônia do Povo Vermelho 2,2022,"Vanderlei Alvino, Demetrios Haidos, Állan Rodrigues",1020,,https://www.letras.mus.br/garantido/aldeia-do-fogo-celestial/
Garantido,Alma de Artista,Magia e Fascinio No Coração da Amazônia,2017,,1130,,https://www.letras.mus.br/garantido/alma-de-artista/
Garantido,Amazônia Em Prece,Paixão (2010),2010,Emerson Maia,732,,https://www.letras.mus.br/garantido/1685608/
Garantido,Amor Garantido,,,"Demetrios Haidos, Neto Cidade, Vandex Alvino",768,,https://www.letras.mus.br/garantido/amor-garantido/
Garantido,Anhangá,500 Anos De Passado Para Construir o Futuro,1998,"Ricardo Lyra, Cyro Cabral",464,,https://www.letras.mus.br/garantido/669833/
Garantido,Arãtareimo,Tradição 2012,2012,"Naferson Cruz, Jacinto Rebelo, Geandro Pantoja, Demetrios Haidos",651,,https://www.letras.mus.br/garantido/aratareimo/
Garantido,As Amazonas,Garantido 2000,2000,"David Jerônimo, Ademar Azevedo",659,,https://www.letras.mus.br/garantido/671312/
Garantido,As Benzedeiras,,,"Sebastião Junior, Wander de Andrade",482,,https://www.letras.mus.br/garantido/as-benzedeiras/
Garantido,As Cores da Fé,Auto da Resistência Cultural,2018,"Marcos Moura, João Kennedy, Eneas Dias",694,,https://www.letras.mus.br/garantido/as-cores-da-fe/
Garantido,Até,O Boi da Preservação ,2008,Chico da Silva,720,,https://www.letras.mus.br/garantido/1305307/
Garantido,Banho de Cheiro,Eterno Campeão,1989,Emerson Maia,341,,https://www.letras.mus.br/garantido/banho-de-cheiro/
Garantido,Boi Bumbá o Ano Inteiro,Folguedo de São João,1992,Romildo Campos,327,,https://www.letras.mus.br/garantido/boi-bumba-o-ano-inteiro/
Garantido,Boi de Pano 2,Paixão (2010),2010,Tony Medeiros,836,,https://www.letras.mus.br/garantido/1686988/
Garantido,Boi Melancia,Paixão (2010),2010,Fred Góes,963,,https://www.letras.mus.br/garantido/1686989/
Garantido,Bravos Tuxauas,,,"Fred Góes, Alder Oliveira, Adriano Aguiar, Éneas Dias.",1927,,https://www.letras.mus.br/garantido/bravos-tuxauas/
Garantido,Brinquedo da Emoção,Emoção,2009,"Pedro, Márcio Azevedo",669,,https://www.letras.mus.br/garantido/1502976/
Garantido,Brinquedo de São João,,,,315,,https://www.letras.mus.br/garantido/1588385/
Garantido,Cabocada da Baixa,Guardiões da Amazônia,2007,"Otávio Guedes, Israel Paulain",839,,https://www.letras.mus.br/garantido/967099/
Garantido,Cabocla Tecelã,Paixão (2010),2010,"Pedro Azevedo, Márcio Azevedo",535,,https://www.letras.mus.br/garantido/1685050/
Garantido,Caboclo Ribeirnho,"Amazônia, Coração Brasileiro",2004,"Rossy Carmo, Geandro Pantoja, Demetrios Haidos",837,,https://www.letras.mus.br/garantido/1326166/
Garantido,Caboclo Soberano,500 Anos De Passado Para Construir o Futuro,1998,Emerson Maia,646,,https://www.letras.mus.br/garantido/669834/
Garantido,Celebração Tribal,Festa da Natureza,2005,Paulinho Du Sagrado,447,,https://www.letras.mus.br/garantido/216981/
Garantido,Cheiro de Jasmim,Esse Rio É Minha Vida,1993,Emerson Maia,330,,https://www.letras.mus.br/garantido/cheiro-de-jasmim/
Garantido,"Chora, Chora Coração",Antologia Garantido Vol. 1,2001,Braulino,481,,https://www.letras.mus.br/garantido/chora-chora-coracao/
Garantido,Chuva de Prata / Vou Içar a Bandeira,,,,1126,,https://www.letras.mus.br/garantido/chuva-de-prata-vou-icar-a-bandeira/
Garantido,Clamores da Terra,Garantido Por Toda a Vida,2023,Ronaldo Barbosa Júnior,1101,,https://www.letras.mus.br/garantido/clamores-da-terra/
Garantido,Conto do Sonho - Fantasia,Emoção,2009,Tadeu Garcia,650,,https://www.letras.mus.br/garantido/1502975/
Garantido,Contos Caboclos,Guardiões da Amazônia,2007,"Geandro Pantoja, Demetrios Haidos",538,,https://www.letras.mus.br/garantido/990047/
Garantido,Cordel do Boi do Ceu Contra o Boi do Inferno,,,"Roseane Novo, Mencius Melo",997,,https://www.letras.mus.br/garantido/cordel-do-boi-do-ceu-contra-o-boi-do-inferno/
Garantido,Cores da Paixão,"Terra, a Grande Maloca",2006,,1252,,https://www.letras.mus.br/garantido/535708/
Garantido,Criação Tupi-Guarani,Festa da Natureza,2005,"Rafael Lacerda, Flávio Farias",589,,https://www.letras.mus.br/garantido/657909/
Garantido,Cunhatã da Baixa,Eu Amo Parintins,2021,"Ivo Meirelles, Sandro Putnoki, Cesão Carvalho",669,,https://www.letras.mus.br/garantido/cunhata-da-baixa/
Garantido,Cupendiepes,Amazônia Viva CD 1,2001,"Marlon Brandão, Inaldo Medeiros",489,,https://www.letras.mus.br/garantido/819461/
Garantido,Curumim da Baixa (2005),Festa da Natureza,2005,"Marcos Boi, Eneas Dias",669,,https://www.letras.mus.br/garantido/1248959/
Garantido,Décima Terceira Evolução,Festa da Natureza,2005,Tadeu Garcia,762,,https://www.letras.mus.br/garantido/decima-terceira-evolucao/
Garantido,Divina Mania,Esse Rio É Minha Vida,1993,Chico da Silva,525,,https://www.letras.mus.br/garantido/divina-mania/
Garantido,Dois Pra Lá Dois Pra Cá,Uma Origem Cabocla,1991,Chico da Silva,392,,https://www.letras.mus.br/garantido/dois-pra-la-dois-pra-ca/
Garantido,Exaltação Indígena,Garantido: O Boi do Centenário,2013,"Yghor Palhano, Wagner Moreira, Marcelo Dourado, Fredinho Góes",654,,https://www.letras.mus.br/garantido/exaltacao-indigena/
Garantido,Fera do Fogo,Fé,2014,"Ronaldo Barbosa Jr., Rafael Marupiara",865,,https://www.letras.mus.br/garantido/fera-do-fogo/
Garantido,Festa de Bandeiras,Paixão (2010),2010,Ronaldo Junior,713,,https://www.letras.mus.br/garantido/1686997/
Garantido,Filho da Natureza,Folguedo de São João,1992,Emerson Maia,459,,https://www.letras.mus.br/garantido/filho-da-natureza/
Garantido,Filhos do Sol,Uma Origem Cabocla,1991,"Paulinho Du Sagrado, Inaldo Medeiros",567,,https://www.letras.mus.br/garantido/filhos-do-sol/
Garantido,Folguedo Brasileiro,O Boi da Preservação ,2008,Rozinaldo Carneiro,695,,https://www.letras.mus.br/garantido/1228294/
Garantido,Força Encarnada,,,"Vanilson Oliveira, Murilo Maia",824,,https://www.letras.mus.br/garantido/forca-encarnada/
Garantido,Funeral Bororo,"Terra, a Grande Maloca",2006,"Geandro Pantoja, Demetrios Haidos",853,,https://www.letras.mus.br/garantido/1326247/
Garantido,Garantido 2000,Garantido 2000,2000,Chico da Silva,701,,https://www.letras.mus.br/garantido/671315/
Garantido,Garça Morena,"Amazônia, Coração Brasileiro",2004,"Jacinto Rebelo, Helem Veras Filho",319,,https://www.letras.mus.br/garantido/199660/
Garantido,Garicaya,,,,744,,https://www.letras.mus.br/garantido/garicaya/
Garantido,Garoto de Ouro,,,"Rainei Prestes, Rafael Lacerda, Raimon Prestes",732,,https://www.letras.mus.br/garantido/garoto-de-ouro/
Garantido,Kamukuaká,Garantido 2003 ,2003,Rosinaldo Carneiro,842,,https://www.letras.mus.br/garantido/992750/
Garantido,Lendárias Amazonas,Celebração,2016,"Mário Andrade, Marcos Boi, João Kennedy, Eneas Dias",828,,https://www.letras.mus.br/garantido/lendarias-amazonas/
Garantido,Magia da Toada,500 Anos De Passado Para Construir o Futuro,1998,"Tony Medeiros, Inaldo Mediros, Edvaldo Machado",493,,https://www.letras.mus.br/garantido/669936/
Garantido,Maloca do Mundo (Amazônida),,,"Naferson Cruz, Demetrios Haidos",861,,https://www.letras.mus.br/garantido/maloca-do-mundo-amazonida/
Garantido,Mas Quando Já?,Tradição 2012,2012,Mencius Melo,874,,https://www.letras.mus.br/garantido/mas-quando-ja/
Garantido,Meu Coração É Garantido,Tradição 2012,2012,Sebastião Junior,1113,,https://www.letras.mus.br/garantido/meu-coracao-e-garantido/
Garantido,Meu Eterno Garantido,Garantido: O Boi do Centenário,2013,,728,,https://www.letras.mus.br/garantido/meu-eterno-garantido/
Garantido,Monstro Yapuritã,Celebração,2016,"Mauricio Filho, Ademar Azevedo",949,,https://www.letras.mus.br/garantido/monstro-yapurita/
Garantido,Nações Extintas II,Boi Garantido - O Boi da Amazônia Vol.2,2002,"Sidney Rezende, João Melo",1131,,https://www.letras.mus.br/garantido/1248955/
Garantido,Não Mate a Vida,Amazônia Viva CD 1,2001,"Tony Medeiros, Inaldo Medeiros",505,,https://www.letras.mus.br/garantido/819463/
Garantido,No Compasso Dessa Emoção,,,"Warnei Maia, Paulinho Du Sagrado",405,,https://www.letras.mus.br/garantido/669760/
Garantido,"Nós, o Povo!","Nós, o Povo",2019,"Marcos Moura, João Kennedy, Eneas Dias, Adriano Aguiar",1489,,https://www.letras.mus.br/garantido/nos-o-povo/
Garantido,Nossa Amazônia,Garantido 2000,2000,"Geandro Pantoja, Demetrios Haidos",688,,https://www.letras.mus.br/garantido/671318/
Garantido,O Calor Da Paixão,Miscigenação,2011,Eneas Dias,507,,https://www.letras.mus.br/garantido/o-calor-da-paixao/
Garantido,O Couro Dos Espíritos,Fé,2014,"Ronaldo Barbosa Jr., Rafael Marupiara",879,,https://www.letras.mus.br/garantido/o-couro-dos-espiritos/
Garantido,O Enigma do Mapinguary,Paixão (2010),2010,"Jacinto Rebelo, Geandro Pantoja, Demetrios Haidos",961,,https://www.letras.mus.br/garantido/o-enigma-do-mapinguary/
Garantido,O Grade Ritual Cupendiepes,,,"Geandro Pantoja, Demetrios Haidos",1145,,https://www.letras.mus.br/garantido/o-grade-ritual-cupendiepes/
Garantido,O Mundo Bara-Maku,"Amazônia, Coração Brasileiro",2004,"Geandro Pantoja, Demetrios Haidos",1409,,https://www.letras.mus.br/garantido/1326167/
Garantido,O Princípio da Festa,Magia e Fascinio No Coração da Amazônia,2017,Tadeu Garcia,804,,https://www.letras.mus.br/garantido/o-principio-da-festa/
Garantido,O Rufar Dos Tambores,Uma Origem Cabocla,1991,Emerson Maia,731,,https://www.letras.mus.br/garantido/1305317/
Garantido,O Segredo da Paixão,Paixão (2010),2010,"Marcos Lima, Moisés Colares, Eneas Dias",715,,https://www.letras.mus.br/garantido/1685042/
Garantido,O Segredo Das Tarântulas,O Boi da Preservação ,2008,"Paulo Queiroz, Inaldo Medeiros",753,,https://www.letras.mus.br/garantido/1305318/
Garantido,Ofaiés,Garantido: O Boi do Centenário,2013,"Geandro Matos, Demetrios Haidos",1400,,https://www.letras.mus.br/garantido/ofaies/
Garantido,Os Quatro Elementos,Parintins Para O Mundo Ver,1997,"Ricardo Lyra, Cyro Cabral",450,,https://www.letras.mus.br/garantido/669761/
Garantido,Povo do Garrote 2,Somos o Povo da Floresta,2020,Adriano Aguiar,1059,,https://www.letras.mus.br/garantido/povo-do-garrote-2/
Garantido,Pra Sempre No Coração (Ao Vivo),,,"Geandro Matos, Demetrios Haidos",678,,https://www.letras.mus.br/garantido/pra-sempre-no-coracao-ao-vivo/
Garantido,Pura emoção,Garantido 2000,2000,Chrystian Bulcão,851,,https://www.letras.mus.br/garantido/671319/
Garantido,Quem Comanda Sou Eu (Ao Vivo),,,"Mauricio Filho, Ademar Azevedo",709,,https://www.letras.mus.br/garantido/quem-comanda-sou-eu-ao-vivo/
Garantido,Quem Manda Aqui Sou Eu,Garantido 2000 (Ao Vivo),2000,Ricardo Lyra,580,,https://www.letras.mus.br/garantido/1598416/
Garantido,Rainha dos Tupinambás,"Lendas, Rituais E Sonhos",1996,"Paulo Silva, Assis",305,,https://www.letras.mus.br/garantido/669763/
Garantido,Rainha Morena,Garantido 1999,1999,"Geandro Pantoja, Demetrios Haidos",488,,https://www.letras.mus.br/garantido/513994/
Garantido,Rei dos Rios,"Amazônia, Coração Brasileiro",2004,"Marcos Lima, Inaldo Medeiros",557,,https://www.letras.mus.br/garantido/239988/
Garantido,Rosa Vermelha,Garantido 2001,2001,"Inaldo Medeiros, Edilsom Santana",493,,https://www.letras.mus.br/garantido/821025/
Garantido,Sabedoria Cabocla (2005),Festa da Natureza,2005,"Macos Lima, Inando Medeiros",463,,https://www.letras.mus.br/garantido/1248960/
Garantido,Senhor Das Águas,Amazônia do Povo Vermelho 2,2022,"Rafael Santiago, Geandro Pantoja, Demetrios Haidos, Bruno Correa",993,,https://www.letras.mus.br/garantido/senhor-das-aguas/
Garantido,Sentimento Vermelho,"Terra, a Grande Maloca",2006,"Rafael Lacerda, Flávio Farias",468,,https://www.letras.mus.br/garantido/937488/
Garantido,Sublime Inspiração,O Boi da Preservação ,2008,"Marcos Lima, Aldenor Oliveira",687,,https://www.letras.mus.br/garantido/1229768/
Garantido,Surui Paiter,Guardiões da Amazônia,2007,"Jacinto Rebelo, Geandro Pantoja, Demetrios Haidos",600,,https://www.letras.mus.br/garantido/994668/
Garantido,Tanameá Marubo,O Boi da Preservação ,2008,"Rozinaldo Carneiro, Naferson Cruz",767,,https://www.letras.mus.br/garantido/1291154/
Garantido,Torcedor Batuqueiro,Paixão (2010),2010,Eneas Dias,717,,https://www.letras.mus.br/garantido/1685045/
Garantido,Torre de Babel,Festa da Natureza,2005,Inaldo Medeiros,810,,https://www.letras.mus.br/garantido/torre-de-babel/
Garantido,Tributo a Nação,Garantido 2003 ,2003,Emerson Maia,832,,https://www.letras.mus.br/garantido/tributo-a-nacao/
Garantido,Trilha do Sobrenatural,Paixão (2010),2010,"Marcos Lima, Eneas Dias",556,,https://www.letras.mus.br/garantido/trilha-do-sobrenatural/
Garantido,Tuxauas de Abiayala,Garantido Por Toda a Vida,2023,"Marcos Moura, João Kennedy, Eneas Dias, Cláudia Helen",1366,,https://www.letras.mus.br/garantido/tuxauas-de-abiayala/
Garantido,Unhamangará,Paixão (2010),2010,"João Kennedy, Geandro Pantoja, Demetrius Haidos",755,,https://www.letras.mus.br/garantido/1685606/
Garantido,Valentes Guerreiros (Levanta Galera),Eu Amo Parintins,2021,"Paulo Onça, Yedo Simões",587,,https://www.letras.mus.br/garantido/valentes-guerreiros-levanta-galera/
Garantido,Viva São João,"Nós, o Povo",2019,"João Kennedy, Eneas Dias",937,,https://www.letras.mus.br/garantido/viva-sao-joao/
Garantido,Vou Anunciar,Paixão (2010),2010,Tony Medeiros,366,,https://www.letras.mus.br/garantido/1685053/
Garantido,Wadye,"Nós, o Povo",2019,"Geandro Matos, Demetrios Haidos",625,,https://www.letras.mus.br/garantido/wadie/
Garantido,Xandoré e Ticê,Amazônia do Povo Vermelho,2022,Ronaldo Barbosa Jr.,731,,https://www.letras.mus.br/garantido/xandore-e-tice/
Garantido,"Xicrin, A Nação Que Veio Do Céu",Boi Garantido - O Boi da Amazônia Vol.1,2002,"Nairo Queiroz, Geandro Pantoja, Demetrios Haidos",573,,https://www.letras.mus.br/garantido/1326183/
Garantido,A Casa Caiu (2017),,,"Marcos Moura, João Kennedy, Eneas Dias",571,,https://www.letras.mus.br/garantido/a-casa-caiu-2017/
Garantido,A Coisa Mais Linda do Mundo,Auto da Resistência Cultural,2018,Emerson Maia,517,,https://www.letras.mus.br/garantido/a-coisa-mais-linda-do-mundo/
Garantido,A Cor da Criação,Garantido 2000,2000,,514,,https://www.letras.mus.br/garantido/1502936/
Garantido,A Fábula do Rouxinol,,,Emerson Maia,487,,https://www.letras.mus.br/garantido/1693551/
Garantido,A Turma de Fé,Garantido Por Toda a Vida,2023,"Robson Roberto, Moises Amazonas, Cesão Carvalho, Alcides Aquino, Djane Sena",635,,https://www.letras.mus.br/garantido/a-turma-de-fe/
Garantido,Abayomi,Somos o Povo da Floresta CD 2,2020,"Hugo Levy, Adriano Aguiar, Ivânia Neves",1071,,https://www.letras.mus.br/garantido/abayomi/
Garantido,Adeus,"Lendas, Rituais E Sonhos",1996,Emerson Maia,493,,https://www.letras.mus.br/garantido/669732/
Garantido,Águas de São João,Boi Garantido - O Boi da Amazônia Vol.2,2002,Tadeu Garcia,357,,https://www.letras.mus.br/garantido/809398/
Garantido,Aldeia Global,Emoção,2009,,774,,https://www.letras.mus.br/garantido/1502941/
Garantido,"Alegria, Alegria",,,Ricardo Lyra,561,,https://www.letras.mus.br/garantido/1969009/
Garantido,Amor Além da Vida,Amazônia do Povo Vermelho 2,2022,"João Neto, Cesar Moraes, Jackson Sicsú, Judson Sicsú, Juan Cruz, Maicon Canesin, Nazira Marques, João Pedro Pacheco",689,,https://www.letras.mus.br/garantido/amor-alem-da-vida/
Garantido,Amor Vermelho,Tradição 2012,2012,Aldson Leão,519,,https://www.letras.mus.br/garantido/amor-vermelho/
Garantido,Ao Som Do Coração,Boi Garantido - O Boi da Amazônia Vol.2,2002,"Geandro Pantoja, Demetrios Haidos, Apolo Haidos",639,,https://www.letras.mus.br/garantido/1326210/
Garantido,Aromático,,,Chico da Silva,394,,https://www.letras.mus.br/garantido/aromatico/
Garantido,Asa Dura,Parintins Para O Mundo Ver,1997,Tony Medeiros,729,,https://www.letras.mus.br/garantido/669736/
Garantido,Auto da Resistência Cultural,Auto da Resistência Cultural,2018,"Vanderlei Alvino, Demetrios Haidos",998,,https://www.letras.mus.br/garantido/auto-da-resistencia-cultural/
Garantido,Balança Meu Barco,Eu Amo Parintins,2021,"Cezar Moraes, Linda Assunção",649,,https://www.letras.mus.br/garantido/balanca-meu-barco/
Garantido,Balanço da Ilha,Folguedo de São João,1992,Braulino,490,,https://www.letras.mus.br/garantido/balanco-da-ilha/
Garantido,Batuqueiro Eu Sou,Amazônia do Povo Vermelho 2,2022,"Ivo Meirelles, Vanderlei Alvino, Sandro Putnoki",383,,https://www.letras.mus.br/garantido/batuqueiro-que-sou/
Garantido,Batuqueiros Da baixa,Guardiões da Amazônia,2007,Inaldo Medeiros,484,,https://www.letras.mus.br/garantido/967110/
Garantido,Boi Babão,Garantido 2003 ,2003,Tadeu Garcia,925,,https://www.letras.mus.br/garantido/boi-babao/
Garantido,Boi Bonito e Charmoso,Uma origem cabocla,1991,Romildo Campos,338,"Cancioneiro UEA (Cardoso, 2013)",https://www.letras.mus.br/garantido/boi-bonito-e-charmoso/
Garantido,Boi Branquinho,Folguedo de São João,1992,Paulinho Du Sagrado,780,,https://www.letras.mus.br/garantido/boi-branquinho/
Garantido,Boi de Pândega,Vida,2015,Paulinho Du Sagrado,965,,https://www.letras.mus.br/garantido/boi-de-pandega/
Garantido,Boi Invejoso,"Amazônia, Coração Brasileiro",2004,Fred Góes,369,,https://www.letras.mus.br/garantido/234561/
Garantido,Boi mais querido,Uma Viagem Á Amazônia,1995,Bené Siqueira,881,,https://www.letras.mus.br/garantido/669737/
Garantido,Boi Tradição,"Lendas, Rituais E Sonhos",1996,"Paulinho, Tony Medeiros, Dé Monteverde",291,,https://www.letras.mus.br/garantido/669738/
Garantido,Botinho Moreno,Uma Viagem Á Amazônia,1995,Baulino,350,,https://www.letras.mus.br/garantido/669739/
Garantido,Brasil de Todas As Cores,"Terra, a Grande Maloca",2006,"Inaldo Medeiros, Junior Paiva",549,,https://www.letras.mus.br/garantido/brasil-de-todas-as-cores/
Garantido,Brincantes Da Tradição,Boi Garantido - O Boi da Amazônia Vol.2,2002,"Eder Lima, Claudir Texeira",787,,https://www.letras.mus.br/garantido/1326214/
Garantido,Brinquedo de Amar,Folguedo de São João,1992,Emerson Maia,403,"Cancioneiro UEA (Cardoso, 2013)",https://www.letras.mus.br/garantido/brinquedo-de-amar/
Garantido,Brinquedo de São João,Eterno Campeão,1989,Tony Medeiros,313,,https://www.letras.mus.br/garantido/brinquedo-de-sao-joao/
Garantido,Cabocla Amazônica,,,"Jacinto Rebelo, Geandro Pantoja, Demetrios Haidos",639,,https://www.letras.mus.br/garantido/cabocla-amazonica/
Garantido,Caboclo de Fé,Somos o Povo da Floresta CD 2,2020,"Geandro Matos, Demetrios Haidos, Antônio Silva, Jacson Sicsú",939,,https://www.letras.mus.br/garantido/caboclo-de-fe/
Garantido,Caboclo Lindolfo,Amazônia do Povo Vermelho 2,2022,"Alfredo Campos, Israel Arruda, Coronel Lima",1592,,https://www.letras.mus.br/garantido/caboclo-lindolfo/
Garantido,Caboclo Sacaca,Celebração,2016,"Marcos Lima, Eder Lima",797,,https://www.letras.mus.br/garantido/caboclo-sacaca/
Garantido,Cacique Ajuricaba,Auto da Resistência Cultural,2018,"Rozinaldo Carneiro, Marlon Brandão",714,,https://www.letras.mus.br/garantido/cacique-ajuricaba/
Garantido,Canto Pela Paz,"Lendas, Rituais E Sonhos",1996,Emerson Maia,723,,https://www.letras.mus.br/garantido/669741/
Garantido,Celebrar,Celebração,2016,Sebastiao Junior,1057,,https://www.letras.mus.br/garantido/celebrar/
Garantido,Chama Garantido,Vida,2015,"George Jucá, Anibal Beça",433,,https://www.letras.mus.br/garantido/821969/
Garantido,Chegada do Boi Garantido,Somos o Povo da Floresta,2020,"Fernando Silva, Sergio Filho, Adriano Aguiar, Nazira Marques",572,,https://www.letras.mus.br/garantido/chegada-do-boi-garantido/
Garantido,Compadre da Fogueira (2002),Boi Garantido - O Boi da Amazônia Vol.2,2002,"Roseane Novo, Helen Veras Filho",764,,https://www.letras.mus.br/garantido/1248956/
Garantido,Contagem do Meu Boi,Templo das Eternas Lendas,1994,Fred Góes,385,,https://www.letras.mus.br/garantido/contagem-do-meu-boi/
Garantido,Coração,Eterno Campeão,1989,"Yezem Rocha, Simão Assayag",694,,https://www.letras.mus.br/garantido/1228299/
Garantido,Coração Vencedor,Vida,2015,"Marcos Lima, Maurinho Magalhães",440,,https://www.letras.mus.br/garantido/coracao-vencedor/
Garantido,Dança Morena,500 Anos De Passado Para Construir o Futuro,1998,Tadeu Garcia,537,,https://www.letras.mus.br/garantido/669935/
Garantido,Deixa Tudo e Vem Comigo,Folguedo de São João,1992,,624,,https://www.letras.mus.br/garantido/deixa-tudo-e-vem-comigo/
Garantido,Desafiação,Somos o Povo da Floresta,2020,"Paulo Onça, Yedo Simões, Yedo Simões e Paulo Onça",504,,https://www.letras.mus.br/garantido/desafiacao/
Garantido,Deuses Pássaros,"Terra, a Grande Maloca",2006,"Jacinto Rebelo, Geandro Pantoja, Demetrios Haidos",783,,https://www.letras.mus.br/garantido/deuses-passaros/
Garantido,É Força de Mulher,Amazônia do Povo Vermelho,2022,Rubens Alves,869,,https://www.letras.mus.br/garantido/e-forca-de-mulher/
Garantido,Em Parintins Vem Você Se Apaixonar,Eu Amo Parintins,2021,Rafael Lacerda,475,,https://www.letras.mus.br/garantido/em-parintins-vem-voce-se-apaixonar/
Garantido,Em Repiquete,Esse Rio É Minha Vida,1993,"Tadeu Garcia, David Assayag",526,,https://www.letras.mus.br/garantido/em-repiquete/
Garantido,Encanto da Paixão,Celebração,2016,Rozinaldo Carneiro,530,,https://www.letras.mus.br/garantido/encanto-da-paixao/
Garantido,Erveiras da Amazônia,,,"Hugo Levy, Ivânia Neves, Valdenor Filho",780,,https://www.letras.mus.br/garantido/erveiras-da-amazonia/
Garantido,Espirito da Mata,Uma Viagem Á Amazônia,1995,Tony Mediros,565,,https://www.letras.mus.br/garantido/657910/
Garantido,Espirito Da Preservação,O Boi da Preservação ,2008,,534,,https://www.letras.mus.br/garantido/1247119/
Garantido,Estrela Guia,Folguedo de São João,1992,"Sidney Resende, Trigueiro",360,,https://www.letras.mus.br/garantido/estrela-guia/
Garantido,Eterno Amor (Ao Vivo),Miscigenação,2011,Eneas Dias,605,,https://www.letras.mus.br/garantido/eterno-amor-ao-vivo/
Garantido,Eterno Paulinho,Eu Amo Parintins,2021,José Ribeiro,913,,https://www.letras.mus.br/garantido/eterno-paulinho/
Garantido,Etnias,Auto da Resistência Cultural,2018,"Marcos Moura, Eneas Dias, João Kenned",835,,https://www.letras.mus.br/garantido/etnias/
Garantido,"Eu Sou Garantido, Garantido",Celebração,2016,"Rafael Lacerda, Carlos Adonai",702,,https://www.letras.mus.br/garantido/eu-sou-garantido-garantido/
Garantido,Eu Sou Pai d'égua Ou Não Sou,Garantido 2003 ,2003,Emerson Maia,742,,https://www.letras.mus.br/garantido/eu-sou-pai-degua-ou-nao-sou/
Garantido,Explode Coração,Folguedo de São João,1992,"Robson Junior, Mauricio Filho, Domingos Barbugian, Marcos Aurélio Choy",500,"Cancioneiro UEA (Cardoso, 2013)",https://www.letras.mus.br/garantido/explode-coracao/
Garantido,Explode Coração (Antológica),,,Emerson Maia,293,,https://www.letras.mus.br/garantido/explode-coracao-antologica/
Garantido,Explode Coração Vermelho,Amazônia do Povo Vermelho,2022,"Robson Junior, Mauricio Filho, Domingos Barbugian, Marcos Aurélio Choy",1113,,https://www.letras.mus.br/garantido/explode-coracao-vermelho/
Garantido,Explode Torcedor,,,"Chrystian, Marlon Siqueira, Ariel Alef, Yan Barros",1134,,https://www.letras.mus.br/garantido/explode-torcedor/
Garantido,Explosão do Coração,"Mito, Cultura e Arte",1999,"Geandro Pantoja, Demetrios Haidos",620,,https://www.letras.mus.br/garantido/explosao-do-coracao/
Garantido,Êxtase Vermelho,"Amazônia, Coração Brasileiro",2004,Paulinho Du Sagrado,695,,https://www.letras.mus.br/garantido/234563/
Garantido,Fé Cabocla,Guardiões da Amazônia,2007,"Marcos Lima, Robson Jr",493,,https://www.letras.mus.br/garantido/966913/
Garantido,Festa da Moça Nova,Festa da Natureza,2005,"Rossy Carmo, Rosinaldo Carneiro, Fernando Glicério",1644,,https://www.letras.mus.br/garantido/festa-da-moca-nova/
Garantido,Festa de Boi,Uma Origem Cabocla,1991,Chico da Silva,305,,https://www.letras.mus.br/garantido/festa-de-boi/
Garantido,Festa de Um Povo,,,Mailzon Mendes,464,,https://www.letras.mus.br/garantido/1969091/
Garantido,Festa do Povo Negro,Amazônia do Povo Vermelho 2,2022,"Leonardo Pantoja, Adan Silva",1036,,https://www.letras.mus.br/garantido/festa-do-povo-negro/
Garantido,Festejo Vermelho de Amor,Garantido Por Toda a Vida,2023,"Ronaldo Yoshi, Gaspar Medeiros, Ma Medeiros",1286,,https://www.letras.mus.br/garantido/festejo-do-povo-vermelho/
Garantido,Filhos do Amanhã - A Sabedoria não Envelhece,Emoção,2009,,682,,https://www.letras.mus.br/garantido/1502972/
Garantido,Flor Das Águas (Naiá),Fé,2014,Júlio César Queiroz,629,,https://www.letras.mus.br/garantido/flor-das-aguas/
Garantido,Fogo de Paraponera,Amazônia do Povo Vermelho,2022,"Joel Almeida, Gabriel Moraes",1005,,https://www.letras.mus.br/garantido/fogo-de-paraponera/
Garantido,Folclore do Povo Brasileiro,Garantido: O Boi do Centenário,2013,"João Kennedy, Geandro Pantoja, Eneas Dias, Demetrios Haidos",1404,,https://www.letras.mus.br/garantido/folclore-do-povo-brasileiro/
Garantido,Folguedo de São João,Uma origem cabocla,1991,Emerson Maia,823,"Cancioneiro UEA (Cardoso, 2013)",https://www.letras.mus.br/garantido/folguedo-de-sao-joao/
Garantido,Galera Encarnada,Vida,2015,"Geandro Pantoja, Demetrios Haidos",794,,https://www.letras.mus.br/garantido/galera-encarnada/
Garantido,Garantiando,Esse Rio É Minha Vida,1993,Chico da Silva,521,,https://www.letras.mus.br/garantido/garantiando/
Garantido,Garantido Bom de Amar,Templo das Eternas Lendas,1994,"Sidney Rezende, Emerson Maia",457,,https://www.letras.mus.br/garantido/821970/
Garantido,Garantido Consagrado,Fé,2014,"Eneas Dias, Aldson Leão",717,,https://www.letras.mus.br/garantido/garantido-consagrado/
Garantido,Garantido de Fé,Celebração,2016,Marcelo Garcia,625,,https://www.letras.mus.br/garantido/garantido-de-fe/
Garantido,Garantido Em Aquarela,Templo das Eternas Lendas,1994,Chico da Silva,430,,https://www.letras.mus.br/garantido/garantido-em-aquarela/
Garantido,Garantido Imortal,"Nós, o Povo",2019,Adriano Aguiar,354,,https://www.letras.mus.br/garantido/garantido-imortal/
Garantido,Garantido Rei,Emoção,2009,,549,,https://www.letras.mus.br/garantido/1502974/
Garantido,Heroi Ajuricaba,"Lendas, Rituais E Sonhos",1996,"Marco Aurelio, Tony Mediros, Inaldo Mediros",317,,https://www.letras.mus.br/garantido/669749/
Garantido,Homens Gigantes,Boi Garantido - O Boi da Amazônia Vol.1,2002,"Nairo Queiroz, Geandro Pantoja, Demetrios Haidos",607,,https://www.letras.mus.br/garantido/1326185/
Garantido,Humana Amazônia,Garantido Por Toda a Vida,2023,"Paulinho Du Sagrado, Adan Renê",1470,,https://www.letras.mus.br/garantido/humana-amazonia/
Garantido,Inigualável,Fé,2014,Sebastiao Junior,857,,https://www.letras.mus.br/garantido/inigualavel/
Garantido,Invencível,Garantido Por Toda a Vida,2023,"João Miranda, Vanderlei Alvino, Aline Resk",588,,https://www.letras.mus.br/garantido/invencivel/
Garantido,Isso É Garantido,Festa da Natureza,2005,Cesar Moraes,585,,https://www.letras.mus.br/garantido/isso-e-garantido/
Garantido,Já Pisei Na Frente do Boi,Antologia Garantido Vol. 1,2001,Áureo,862,,https://www.letras.mus.br/garantido/ja-pisei-na-frente-do-boi/
Garantido,Jacurutu,,,,796,,https://www.letras.mus.br/garantido/986146/
Garantido,Juteiro da Amazônia,Garantido: O Boi do Centenário,2013,"Paulo Medeiros, Tony Medeiros",1452,,https://www.letras.mus.br/garantido/juteiro-da-amazonia/
Garantido,Karõ Krahó: A Batalha das Almas,Amazônia do Povo Vermelho,2022,"Pedro Nogueira, Domingos Barbugian, Rubens Alves, Rodrigo Jeroky",1094,,https://www.letras.mus.br/garantido/karo-kraho-a-batalha-das-almas/
Garantido,Kuarup - A Festa Dos Mortos,Auto da Resistência Cultural,2018,"Vanilson Oliveira, Moises Amazonas, Marlon Brandão, Valdenor dos Santos",1763,,https://www.letras.mus.br/garantido/kuarup-a-festa-dos-mortos/
Garantido,Lagrimas Do Sol,O Boi da Preservação ,2008,,1057,,https://www.letras.mus.br/garantido/1305310/
Garantido,Luva Trançada,Vida,2015,"Inaldo Medeiros, Gaspar, Caetano",406,,https://www.letras.mus.br/garantido/luva-trancada/
Garantido,Madjú-ã,O Boi da Preservação ,2008,Inaldo Medeiros,908,,https://www.letras.mus.br/garantido/1229782/
Garantido,Maior Que Tudo,Celebração,2016,"Inaldo Mediros, Caetano Medeiros, Gaspar Medeiros",495,,https://www.letras.mus.br/garantido/maior-que-tudo/
Garantido,Manauara Morena,500 Anos De Passado Para Construir o Futuro,1998,Sidney Rezende,412,,https://www.letras.mus.br/garantido/manauara-morena/
Garantido,Maravilha da Ilha,Eterno Campeão,1989,Emerson Maia,477,,https://www.letras.mus.br/garantido/maravilha-da-ilha/
Garantido,Máscara de Sucuri,Magia e Fascinio No Coração da Amazônia,2017,Paulinho Du Sagrado,707,,https://www.letras.mus.br/garantido/mascara-de-sucuri/
Garantido,Minha Eterna Paixão,Eu Amo Parintins,2021,"Marcelo Silva, Suammy Patrocínio, Joel Araújo, Vicente Carvalho",614,,https://www.letras.mus.br/garantido/minha-eterna-paixao/
Garantido,Minha Natureza,Magia e Fascinio No Coração da Amazônia,2017,"Naferson Cruz, Geandro Pantoja, Demetrius Haidos",634,,https://www.letras.mus.br/garantido/minha-natureza/
Garantido,Missão de Ensinar,Garantido 2001,2001,"Fred Góes, Sidney Resende, Mestre Ambrósio",318,,https://www.letras.mus.br/garantido/227350/
Garantido,Moangá,"Lendas, Rituais E Sonhos",1996,"Tony Medeiros, Inaldo Medeiros, Edval Machado, Cláudio Batista",542,,https://www.letras.mus.br/garantido/669758/
Garantido,"Muraida, o Triunfo da Flecha","Nós, o Povo",2019,"Marcos Moura, João Kennedy, Eneas Dias",918,,https://www.letras.mus.br/garantido/muraida-o-triunfo-da-flecha/
Garantido,Na Cadência do Tambor (Ao Vivo),,,"Inaldo Medeiros, Caetano Medeiros, Gaspar Medeiros",615,,https://www.letras.mus.br/garantido/na-cadencia-do-tambor-ao-vivo/
Garantido,No Brilho da Lua,Uma Origem Cabocla,1991,Chico da Silva,260,,https://www.letras.mus.br/garantido/no-brilho-da-lua/
Garantido,No Rufar do Tambor,Uma origem cabocla,1991,"Fred, Sidney",266,"Cancioneiro UEA (Cardoso, 2013)",https://www.letras.mus.br/garantido/no-rufar-do-tambor/
Garantido,Nosso Boi Taí,Folguedo de São João,1992,Edson Cardoso,602,,https://www.letras.mus.br/garantido/nosso-boi-tai/
Garantido,Novo Balanço,Templo das Eternas Lendas,1994,"Fred Góes, Paulo Onça, Braulino",431,,https://www.letras.mus.br/garantido/novo-balanco/
Garantido,O Amor É Vermelho,O Boi da Preservação ,2008,,872,,https://www.letras.mus.br/garantido/1305313/
Garantido,O Caboclo e a Canoa,Tradição 2012,2012,"Naferson Cruz, Geandro Pantoja, Demetrios Haidos",683,,https://www.letras.mus.br/garantido/o-caboclo-e-a-canoa/
Garantido,O Caboco,Miscigenação,2011,"Fred Góes, Alder Oliveira",2146,,https://www.letras.mus.br/garantido/o-caboco/
Garantido,O Dia da Criação,Garantido 2000 (Ao Vivo),2000,"João Melo, Inaldo Medeiros, Edval Machado",470,,https://www.letras.mus.br/garantido/o-dia-da-criacao/
Garantido,O Encanto da Ilha,Eterno Campeão,1989,"Tony Medeiros, Inaldo Medeiros",319,,https://www.letras.mus.br/garantido/o-encanto-da-ilha/
Garantido,O Futuro Dirá,Garantido Por Toda a Vida,2023,"Paulinho Du Sagrado, Cíntia Mesquita, Gabriel Stone",1204,,https://www.letras.mus.br/garantido/o-futuro-dira/
Garantido,O Grande Ritual Kupen Diepes,,,"Geandro Pantoja, Demetrios Haidos",1161,,https://www.letras.mus.br/garantido/o-grande-ritual-kupen-diepes/
Garantido,O Mais Lindo,Uma Origem Cabocla,1991,Joel Gama,310,,https://www.letras.mus.br/garantido/o-mais-lindo/
Garantido,O Melhor Boi do Mundo,"Nós, o Povo",2019,"Mauricio Filho, Júnior Coelho",493,,https://www.letras.mus.br/garantido/o-melhor-boi-do-mundo/
Garantido,O Olhar de um Coração,Magia e Fascinio No Coração da Amazônia,2017,Sebastiao Junior,895,,https://www.letras.mus.br/garantido/o-olhar-de-um-coracao/
Garantido,O Poderoso Ritual Apurinã,Vida,2015,"Geandro Matos, Demetrius Haidos",887,,https://www.letras.mus.br/garantido/o-poderoso-ritual-apurina/
Garantido,Odoshas,Somos o Povo da Floresta CD 2,2020,"Sidney Mingau, Naferson Cruz, Marcela Augusta, Demetrios Haidos",1172,,https://www.letras.mus.br/garantido/odoshas/
Garantido,Os Amigos do Boi,Esse Rio É Minha Vida,1993,Chico da Silva,506,,https://www.letras.mus.br/garantido/os-amigos-do-boi/
Garantido,Os Guardiões da Realeza,Auto da Resistência Cultural,2018,Cezar Moraes,634,,https://www.letras.mus.br/garantido/os-guardioes-da-realeza/
Garantido,Os Peles Vermelhas,Amazônia do Povo Vermelho 2,2022,"João Neto, Rafael Santiago, Nazira Marques, Maicon Canesin, Cersa Moraes, Wanderson Rodrigues",587,,https://www.letras.mus.br/garantido/os-peles-vermelhas/
Garantido,Pandré,Vida,2015,Paulinho Du Sagrado,1037,,https://www.letras.mus.br/garantido/pandre/
Garantido,Parintins do Meu Brasil,Eu Amo Parintins,2021,"Rubens Alves, Ralrison Nascimento, Yuri Goes",891,,https://www.letras.mus.br/garantido/parintins-do-meu-brasil/
Garantido,Partiu Parintins,Amazônia do Povo Vermelho,2022,"Marcelo Augusto, Rubens Alves, João Medeiros, Ma Medeiros",699,,https://www.letras.mus.br/garantido/partiu-parintins/
Garantido,Pássaros do Arrebol (2005),Festa da Natureza,2005,"Jacinto Rebelo, Geandro Pantoja, Demetrios Haidos",639,,https://www.letras.mus.br/garantido/1248961/
Garantido,Perfume da Cidade,Garantido Por Toda a Vida,2023,"Márcio Rezende, Cezar Moraes, Marquinhos Dutam, Ulisses Rodrigues, Camila Monte Verde",555,,https://www.letras.mus.br/garantido/perfume-da-cidade/
Garantido,Pindorama (Pátria Tribal),Magia e Fascinio No Coração da Amazônia,2017,"Marcos Boi, João Kennedy, Eneas Dias",743,,https://www.letras.mus.br/garantido/pindorama-patria-tribal/
Garantido,Ponto de Interrogação,Eu Amo Parintins,2021,Paulinho Du Sagrado,1462,,https://www.letras.mus.br/garantido/ponto-de-interrogacao/
Garantido,Povo de Fibra,"Terra, a Grande Maloca",2006,"Jacinto Rebelo, Geandro Pantoja, Demetrios Haidos",505,,https://www.letras.mus.br/garantido/povo-de-fibra/
Garantido,Quilombolas da Amazônia,Magia e Fascinio No Coração da Amazônia,2017,"Marcos Boi, João Kennedy, Eneas Dias",1025,,https://www.letras.mus.br/garantido/quilombolas-da-amazonia/
Garantido,Raça Brasil,"Terra, a Grande Maloca",2006,"Marcos Lima, Rozinaldo Carneiro",770,,https://www.letras.mus.br/garantido/raca-brasil/
Garantido,Raça Encarnada,Emoção,2009,,729,,https://www.letras.mus.br/garantido/1502943/
Garantido,Rainha do Povo Vermelho,Amazônia do Povo Vermelho,2022,"Júlio César Queiroz, Edilson Santana",591,,https://www.letras.mus.br/garantido/rainha-do-povo-vermelho/
Garantido,Revolução,Amazônia Viva CD 1,2001,"Ricardo Lyra, Paula Perrone, Marcelo Dourado",708,,https://www.letras.mus.br/garantido/818619/
Garantido,Revolução do Garantido,Amazônia do Povo Vermelho,2022,"Paulinho Du Sagrado, Gabriel Moraes",800,,https://www.letras.mus.br/garantido/revolucao-do-garantido/
Garantido,Rima das Canções,Boi Garantido - O Boi da Amazônia Vol.2,2002,Paulinho Du Sagrado,709,,https://www.letras.mus.br/garantido/810380/
Garantido,Rito Parintintin,Boi Garantido - O Boi da Amazônia Vol.1,2002,Paulinho Du Sagrado,564,,https://www.letras.mus.br/garantido/887823/
Garantido,Ritual da Escarificação,Magia e Fascinio No Coração da Amazônia,2017,"Vanilson Oliveira, Murilo Maia, Marcelo Maia, Marcello Prado, Bruno Maia",1191,,https://www.letras.mus.br/garantido/ritual-de-escarificacao/
Garantido,Ritual Kawahiva,"Nós, o Povo",2019,Demétrio Haidos,1148,,https://www.letras.mus.br/garantido/ritual-kawahiva/
Garantido,Ritual Wari (2006),"Terra, a Grande Maloca",2006,"Rossy do Carmo, Rosinaldo Carneiro, Fernando Glicério",455,,https://www.letras.mus.br/garantido/1017324/
Garantido,Romeiro da Fé,Tradição 2012,2012,"Paulinho Medeiros, Júlio César Queiroz",481,,https://www.letras.mus.br/garantido/romeiro-da-fe/
Garantido,Rosa Morena,Folguedo de São João,1992,Paulo Onça,319,,https://www.letras.mus.br/garantido/rosa-morena/
Garantido,Sedução Vermelha,Guardiões da Amazônia,2007,"Pedro Azevedo, Márcio Azevedo",577,,https://www.letras.mus.br/garantido/967156/
Garantido,Sempre Vermelho,Garantido: O Boi do Centenário,2013,"Ronaldo Jr, Rafael Marupiara",1114,,https://www.letras.mus.br/garantido/sempre-vermelho/
Garantido,Senhor da maromba,Parintins Para O Mundo Ver,1997,Emerson Maia,664,,https://www.letras.mus.br/garantido/669795/
Garantido,Serenou Laranjeira,,,"Mencius Melo, Luiz Alfredo Campos",691,,https://www.letras.mus.br/garantido/serenou-laranjeira/
Garantido,Sonhos de Ouro,"Amazônia, Coração Brasileiro",2004,"Tadeu Garcia, Silva Silva",589,,https://www.letras.mus.br/garantido/1326170/
Garantido,Tai Meu Aviso,Somos o Povo da Floresta,2020,"Helen Veras, Adriano Aguiar",659,,https://www.letras.mus.br/garantido/tai-meu-aviso/
Garantido,Tambor,Templo das Eternas Lendas,1994,"Rafael Marupiara, Ronaldo Barbosa Jr",1775,,https://www.letras.mus.br/garantido/tambor-1/
Garantido,Tambores da Evolução,Emoção,2009,"Julio Queiroz, Inaldo, Gaspar Medeiros",473,,https://www.letras.mus.br/garantido/1502971/
Garantido,Tambores do tempo,"Lendas, Rituais E Sonhos",1996,"Tony Medeiros, Edivalo Machado",381,,https://www.letras.mus.br/garantido/669765/
Garantido,Toada da Saudade,Eu Amo Parintins,2021,Eneas Dias,559,,https://www.letras.mus.br/garantido/toada-da-saudade/
Garantido,Triunfo da fé,Uma Viagem Á Amazônia,1995,"Tony Mediros, Inaldo Mediros, Alex Pontes",382,,https://www.letras.mus.br/garantido/669768/
Garantido,"Tucandeira, o Grande Ritual",Tradição 2012,2012,"Tony Medeiros, João Medeiros",343,,https://www.letras.mus.br/garantido/tucandeira-o-grande-ritual/
Garantido,Tukano,Uma Viagem Á Amazônia,1995,"Mencius Melo, Inalodo Mediros",390,,https://www.letras.mus.br/garantido/669770/
Garantido,U a Ê a Ô - Guakapi Te Chama,Garantido Por Toda a Vida,2023,Ronaldo Barbosa Júnior,660,,https://www.letras.mus.br/garantido/u-a-e-a-o-guakapi-te-chama/
Garantido,Um Mundo Novo,Eu Amo Parintins,2021,"Mencius Melo, Rubens Alves",460,,https://www.letras.mus.br/garantido/um-mundo-novo/
Garantido,Um Século De Glória,Boi Garantido - O Boi da Amazônia Vol.2,2002,"Rozinaldo Carneiro, Aldson Leão",712,,https://www.letras.mus.br/garantido/1326226/
Garantido,Um Transe  Na Imaginação (Boi Vencedor),Boi Garantido - O Boi da Amazônia Vol.1,2002,Paulinho Du Sagrado,915,,https://www.letras.mus.br/garantido/887825/
Garantido,Vermelho de Paixão,O Boi da Preservação ,2008,Rosinaldo Carneiro,513,,https://www.letras.mus.br/garantido/1247120/
Garantido,Vermelho do Amor,Fé,2014,Mauro Sérgio Magalhães,652,,https://www.letras.mus.br/garantido/vermelho-do-amor/
Garantido,Vermelhou,Amazônia do Povo Vermelho 2,2022,Rafael Lacerda,957,,https://www.letras.mus.br/garantido/vermelhou/
Garantido,Vida cabocla,"Lendas, Rituais E Sonhos",1996,,396,,https://www.letras.mus.br/garantido/669773/
Garantido,Xamanismo,Guardiões da Amazônia,2007,"Geandro Pantoja, Demetrios Haidos",370,,https://www.letras.mus.br/garantido/994666/
Garantido,Xamãs Ye' kuana,Festa da Natureza,2005,"Naferson Cruz, Jacinto Rebeloa, Geandro Pantoja, Demetrios Haidos",703,,https://www.letras.mus.br/garantido/216983/
Garantido,"Zuruahá, Povo do Veneno",Guardiões da Amazônia,2007,"Geandro Pantoja, Demetrios Haidos",873,,https://www.letras.mus.br/garantido/994667/
Garantido,A Consagração,Festa da Natureza,2005,"Paulo, Da Silva, Cezar Moraes",701,,https://www.letras.mus.br/garantido/657905/
Garantido,A Força da Tradição,Guardiões da Amazônia,2007,"Sebastião Junior, Aldson Leão",603,,https://www.letras.mus.br/garantido/a-forca-da-tradicao/
Garantido,A Onda da Galera,Folguedo de São João,1992,Mauricio Filho,439,,https://www.letras.mus.br/garantido/a-onda-da-galera/
Garantido,A Queda do Céu,Eu Amo Parintins,2021,"Rafael Marupiara, Naferson Cruz, Domingos Barbugian, Rubens Alves",566,,https://www.letras.mus.br/garantido/a-queda-do-ceu/
Garantido,Além da Sensibilidade,Garantido: O Boi do Centenário,2013,"Marcos Boi, Eneas Dias, Cícero Antônio",701,,https://www.letras.mus.br/garantido/alem-da-sensibilidade/
Garantido,Amor Confesso,Miscigenação,2011,"Marcelo Dourado, Elcio Mori, Eduardo Lacerda, Claudir Teixeira",646,,https://www.letras.mus.br/garantido/1834401/
Garantido,Amor Infinito,Eu Amo Parintins,2021,"Marlon Oliveira, Jorge Renato, Mariozinho Neto",702,,https://www.letras.mus.br/garantido/amor-infinito/
Garantido,Amor Para Vida Inteira,,,Rozinaldo Carneiro,511,,https://www.letras.mus.br/garantido/amor-para-vida-inteira/
Garantido,Amor Que Não Tem Cura,Magia e Fascinio No Coração da Amazônia,2017,,863,,https://www.letras.mus.br/garantido/amor-que-nao-tem-cura/
Garantido,Anunciação Vermelha,Festa da Natureza,2005,"Márcio Azevedo, Alder Oliveira",971,,https://www.letras.mus.br/garantido/657907/
Garantido,Batucada Perreché,"Nós, o Povo",2019,Demetrios Haidos,700,,https://www.letras.mus.br/garantido/batucada-perreche/
Garantido,Boi Brinquedo do Amor,Folguedo de São João,1992,"Marcos Moura, João Kennedy, Eneas Dias, Adriano Aguiar",503,,https://www.letras.mus.br/garantido/boi-brinquedo-do-amor/
Garantido,Boi Cara-de-Pau,"Amazônia, Coração Brasileiro",2004,Boi Garantido,912,,https://www.letras.mus.br/garantido/boi-cara-de-pau/
Garantido,Boi de Amor e lágrima,Boi Garantido - O Boi da Amazônia Vol.2,2002,Fred Góes,307,,https://www.letras.mus.br/garantido/809399/
Garantido,Boi de Deus,Folguedo de São João,1992,Paulo Onça,529,,https://www.letras.mus.br/garantido/boi-de-deus/
Garantido,Boi de Veludo e Branco,Uma Origem Cabocla,1991,Emerson Maia,409,,https://www.letras.mus.br/garantido/boi-de-veludo-e-branco/
Garantido,Bota Pra Fora Esse Amor,Eu Amo Parintins,2021,"Karlos Rodrigues, Gaspar Medeiros, M A Medeiros",809,,https://www.letras.mus.br/garantido/bota-pra-fora-esse-amor/
Garantido,Brasilidade,Fé,2014,"Geandro Pantoja, Demetrios Haidos",705,,https://www.letras.mus.br/garantido/brasilidade/
Garantido,Caboclitute,"Nós, o Povo",2019,"Rafael Marupiara, Naferson Cruz, Rubens Alves, Alex Kimura",719,,https://www.letras.mus.br/garantido/caboclitute/
Garantido,Caboclo Perreché,Esse Rio É Minha Vida,1993,"Fred Góes, Paulo Onça",2684,,https://www.letras.mus.br/garantido/caboclo-perreche/
Garantido,Caldeirão Vermelho,,,Helinho Paixão,420,,https://www.letras.mus.br/garantido/caldeirao-vermelho/
Garantido,Canto Indígena Pela Paz,Eu Amo Parintins,2021,"Rozinaldo Carneiro, Marlon Brandão, Thaline Karajá",659,,https://www.letras.mus.br/garantido/canto-indigena-pela-paz/
Garantido,Centenário do Amor,,,Emerson Faria Maia,654,,https://www.letras.mus.br/garantido/centenario-do-amor/
Garantido,Ceramista da Amazônia,,,"Geandro Pantoja, Demetrios Haidos, Weverton Nunes",605,,https://www.letras.mus.br/garantido/ceramista-da-amazonia/
Garantido,Coisas do Coração,Festa da Natureza,2005,"Fred Góes, Rozinaldo Carneiro, Marlon Brandão",702,,https://www.letras.mus.br/garantido/216982/
Garantido,Coração Brasileiro,"Amazônia, Coração Brasileiro",2004,"Márcio Azevedo, Cesar Moraes",834,,https://www.letras.mus.br/garantido/239985/
Garantido,Coração em Êxtase,Guardiões da Amazônia,2007,"Pedro Azevedo, Márcio Azevedo",658,,https://www.letras.mus.br/garantido/965438/
Garantido,Coração o Tambor da Vida,Miscigenação,2011,"Geandro Pantoja, Demétrio Haidos",648,,https://www.letras.mus.br/garantido/1944194/
Garantido,Daqui Não Arredo o Pé,Amazônia do Povo Vermelho 2,2022,"Fernando Silva, Márcia Novo, Cesar Moraes, Nazira Marques, Maicon Canesin, Wirlan Cruz, Ulisses Rodrigues, Ellen Maciel, Aloísio Coelho",710,,https://www.letras.mus.br/garantido/daqui-nao-arredo-o-pe/
Garantido,De Coração,Folguedo de São João,1992,"Mauricio Filho, Ademar Azevedo",767,,https://www.letras.mus.br/garantido/de-coracao/
Garantido,Declaração de Amor (Me Leva Boi),Eu Amo Parintins,2021,"Jaércio Anselmo, Bruno Bulcão, Yaçanã Bulcão, Yamille Anselmo",778,,https://www.letras.mus.br/garantido/declaracao-de-amor-me-leva-boi/
Garantido,Desejo de Catirina,Auto da Resistência Cultural,2018,"Marcos Moura, João Kennedy, Eneas Dias",1393,,https://www.letras.mus.br/garantido/desejo-de-catirina/
Garantido,Dom de Ser Feliz (2002),Boi Garantido - O Boi da Amazônia Vol.2,2002,"Ricardo Lyra, Ana Paula Perrone",530,,https://www.letras.mus.br/garantido/1248954/
Garantido,Emoção Pra Valer,Guardiões da Amazônia,2007,"Rafael Lacerda, Flávio Farias",554,,https://www.letras.mus.br/garantido/967100/
Garantido,Energia Encarnada,Eu Amo Parintins,2021,"João Neto, Demetrios Haidos, Célio Medeiros, Cíntia Mesquita",541,,https://www.letras.mus.br/garantido/energia-encarnada/
Garantido,Escuderia Encarnada,Eu Amo Parintins,2021,"João Neto, Cezar Moraes",667,,https://www.letras.mus.br/garantido/escuderia-encarnada/
Garantido,Estande de Arte,,,Tadeu Garcia,725,,https://www.letras.mus.br/garantido/estande-de-arte/
Garantido,Esvoaçar da Resistência,Auto da Resistência Cultural,2018,Geandro Ma,678,,https://www.letras.mus.br/garantido/esvoacar-da-resistencia/
Garantido,Eterno Trovador,Tradição 2012,2012,Geandro Matos,605,,https://www.letras.mus.br/garantido/eterno-trovador/
Garantido,Exército Vermelho,Auto da Resistência Cultural,2018,Mauricio Filho,583,,https://www.letras.mus.br/garantido/exercito-vermelho/
Garantido,Explosão Vermelha,Garantido 2003 ,2003,Aldson Leão,935,,https://www.letras.mus.br/garantido/explosao-vermelha/
Garantido,Faixa 3 - Boi Garantido 1988,,,,427,,https://www.letras.mus.br/garantido/1588384/
Garantido,Fama de Vencedor,Garantido 2003 ,2003,Inaldo Medeiros,774,,https://www.letras.mus.br/garantido/fama-de-vencedor/
Garantido,Festa da Liberdade,"Nós, o Povo",2019,Fred Góes,603,,https://www.letras.mus.br/garantido/festa-da-liberdade/
Garantido,Filhos das Águas,"Terra, a Grande Maloca",2006,"Aldson Leão, (Homenagem A Zé Caiá)",619,,https://www.letras.mus.br/garantido/filhos-das-aguas/
Garantido,Flor Sinhá,,,,502,,https://www.letras.mus.br/garantido/flor-sinha/
Garantido,Força da Alma,Fé,2014,"Vanilson Oliveira, Murilo Maia",694,,https://www.letras.mus.br/garantido/forca-da-alma/
Garantido,Fórmula Perfeita,Magia e Fascinio No Coração da Amazônia,2017,"Felipe Júnior, Hissa Abraão, Nederson Prado",780,,https://www.letras.mus.br/garantido/formula-perfeita/
Garantido,Garantido Pra Valer,Garantido Por Toda a Vida,2023,"Márcia Novo, Cezar Moraes, Fernanda Silva, Wanderson Rodrigues, Ulisses Rodrigues",482,,https://www.letras.mus.br/garantido/garantido-pra-valer/
Garantido,Garantido Uma História de Amor,Templo das Eternas Lendas,1994,"Paulo Onça, Jorge Miranda",600,,https://www.letras.mus.br/garantido/garantido-uma-historia-de-amor/
Garantido,Garantido Vivo,Eu Amo Parintins,2021,"Vanderlei Alvino, Pedro Nogueira, Rodrigo Jeroky, Adriano Paiva",690,,https://www.letras.mus.br/garantido/garantido-vivo/
Garantido,Gigante Amazonas,Emoção,2009,,601,,https://www.letras.mus.br/garantido/1502942/
Garantido,Gladiadores da Mundurukânia,Guardiões da Amazônia,2007,"Geandro Pantoja, Demetrios Haidos",590,,https://www.letras.mus.br/garantido/994670/
Garantido,Glórias e Vitórias,Eu Amo Parintins,2021,"Fellipe Junior, Luiz Henrique Delattre, Orleilson Dias, Girlene Gomes",584,,https://www.letras.mus.br/garantido/glorias-e-vitorias/
Garantido,Guerreiros Da Baixa,O Boi da Preservação ,2008,Mauricio Filho,729,,https://www.letras.mus.br/garantido/1247124/
Garantido,Haxima Quer Viver,Templo das Eternas Lendas,1994,Chico da Silva,483,,https://www.letras.mus.br/garantido/haxima-quer-viver/
Garantido,Imortal Coração do Tempo,Garantido: O Boi do Centenário,2013,"Marcos Lima, Eneas Dias",684,,https://www.letras.mus.br/garantido/imortal-coracao-do-tempo/
Garantido,Isso Que É Galera,Celebração,2016,"Vanilson Oliveira, Murilo Maia, Bruno Maia, Jocir Campos",747,,https://www.letras.mus.br/garantido/isso-que-e-galera/
Garantido,Kamarãpi,Somos o Povo da Floresta CD 2,2020,"Rafael Marupiara, Adriano Aguiar, Rubens Alves, Adriano Paiva",1676,,https://www.letras.mus.br/garantido/657908/
Garantido,Kambô,Emoção,2009,,598,,https://www.letras.mus.br/garantido/1502940/
Garantido,Karajá - Apocalíptico Inã,,,Paulinho Du Sagrado,1072,,https://www.letras.mus.br/garantido/karaja-apocaliptico-ina/
Garantido,"Karajá, O Povo das Águas",Emoção,2009,,771,,https://www.letras.mus.br/garantido/1502938/
Garantido,Korubo,,,Adriano Aguiar,1349,,https://www.letras.mus.br/garantido/korubo/
Garantido,Kuarup,"Mito, Cultura e Arte",1999,Tony Medeiros,436,,https://www.letras.mus.br/garantido/513992/
Garantido,Lamento Amerindio,"Lendas, Rituais E Sonhos",1996,,684,,https://www.letras.mus.br/garantido/669752/
Garantido,Lanças Vermelhas,Garantido 2000,2000,"Geandro Pantoja, Demetrios Haidos, Mauricio Porto",583,,https://www.letras.mus.br/garantido/lancas-vermelhas/
Garantido,Legado de Seringueiro,Celebração,2016,"Geandro Pantoja, Demetrius Haidos",974,,https://www.letras.mus.br/garantido/legado-de-seringueiro/
Garantido,Lingua do Boi,Uma Origem Cabocla,1991,"Paulinho Du Sagrado, Inaldo Medeiros",308,,https://www.letras.mus.br/garantido/lingua-do-boi/
Garantido,Lua Morena,Garantido 2003 ,2003,"Liduína Mendes, Helen Veras",500,,https://www.letras.mus.br/garantido/lua-morena/
Garantido,Macunaíma e a Árvore Da Vida,"Amazônia, Coração Brasileiro",2004,Rozinaldo Carneiro,891,,https://www.letras.mus.br/garantido/1326163/
Garantido,Magia (2007),Guardiões da Amazônia,2007,Marcos Lima,521,,https://www.letras.mus.br/garantido/1138161/
Garantido,Magia Da Evolução (2005),Festa da Natureza,2005,"Rafael Lacerda, Flávio Farias",795,,https://www.letras.mus.br/garantido/1248958/
Garantido,Magia e Fascínio no Coração da Amazônia,Magia e Fascinio No Coração da Amazônia,2017,Demetrius Haidos,1053,,https://www.letras.mus.br/garantido/magia-e-fascinio-no-coracao-da-amazonia/
Garantido,Mago da Evolução,Somos o Povo da Floresta,2020,"Eneas Dias, Cláudio Batista",532,,https://www.letras.mus.br/garantido/mago-da-evolucao/
Garantido,Mar de Emoção,Emoção,2009,"Rozinaldo Carneiro, Naferson Cruz",533,,https://www.letras.mus.br/garantido/1502970/
Garantido,Me Leva Boi,Templo das Eternas Lendas,1994,Ruy Maia,524,,https://www.letras.mus.br/garantido/me-leva-boi/
Garantido,Meu Primeiro Amor,O Boi da Preservação ,2008,Mauricio Filho,537,,https://www.letras.mus.br/garantido/1305311/
Garantido,Minha riqueza,Uma Viagem Á Amazônia,1995,Mário Gama,277,,https://www.letras.mus.br/garantido/669757/
Garantido,Morada Cabocla,,,"Márcio Azevedo, Pedro Azevedo",779,,https://www.letras.mus.br/garantido/morada-cabocla/
Garantido,"Moyngo, a Iniciação Maragareum",Somos o Povo da Floresta CD 2,2020,"Naferson Cruz, Marcela Augusta, Demetrios Haidos, Andrey Rebelo",1084,,https://www.letras.mus.br/garantido/moyngo-a-iniciacao-maragareum/
Garantido,Mulheres de Barro,Somos o Povo da Floresta CD 2,2020,"Ricardo Filho, Jaércio Anselmo, Bruno Bulcão",945,,https://www.letras.mus.br/garantido/mulheres-de-barro/
Garantido,Na Apoteose do Boi,Folguedo de São João,1992,"Jocifran, Bené Siqueira",569,,https://www.letras.mus.br/garantido/na-apoteose-do-boi/
Garantido,Natureza Viva,Templo das Eternas Lendas,1994,Chico da Silva,529,,https://www.letras.mus.br/garantido/natureza-viva/
Garantido,Navegar É Preciso,Amazonas: esse rio é minha vida,1993,Emerson Maia,731,"Cancioneiro UEA (Cardoso, 2013)",https://www.letras.mus.br/garantido/navegar-e-preciso/
Garantido,No País do Folclore,Tradição 2012,2012,Sebastiao Junior,855,,https://www.letras.mus.br/garantido/no-pais-do-folclore/
Garantido,Nos Braços do Povo Vermelho,,,"Marcos Moura, João Kennedy, Eneas Dias",786,,https://www.letras.mus.br/garantido/nos-bracos-do-povo-vermelho/
Garantido,O Caboclo (Sina Cabocla),,,Aldson Leão,1009,,https://www.letras.mus.br/garantido/o-caboclo-sina-cabocla-ao-vivo/
Garantido,O Canto da Galera,,,"Suammy Patrocínio, Demetrios Haidos",762,,https://www.letras.mus.br/garantido/o-canto-da-galera/
Garantido,O Curandeiro da Floresta,Somos o Povo da Floresta CD 2,2020,"Vanderlei Alvino, Pedro Nogueira, Rodrigo Jeroky, Adriano Paiva",862,,https://www.letras.mus.br/garantido/o-curandeiro-da-floresta/
Garantido,O Dom de Um Sacaca,Auto da Resistência Cultural,2018,"Geandro Pantoja, Demetrios Haidos",973,,https://www.letras.mus.br/garantido/o-dom-de-um-sacaca/
Garantido,O Encanto do Sul e do Norte,Uma Origem Cabocla,1991,Braulino,292,,https://www.letras.mus.br/garantido/o-encanto-do-sul-e-do-norte/
Garantido,O Farinheiro,O Boi da Preservação ,2008,,562,,https://www.letras.mus.br/garantido/1305314/
Garantido,O Mateiro Da Amazônia,O Boi da Preservação ,2008,Adlson Leão,711,,https://www.letras.mus.br/garantido/1305315/
Garantido,O Pescador,O Boi da Preservação ,2008,"Paulinho Du Sagrado, Nair Blair, Jacinto Rebelo",548,,https://www.letras.mus.br/garantido/1305316/
Garantido,O Quinto Elemento,Eu Amo Parintins,2021,"João Kennedy, Helen Veras Filho, Eneas Dias, Sebastião Bringel",681,,https://www.letras.mus.br/garantido/o-quinto-elemento/
Garantido,O Regatão,"Terra, a Grande Maloca",2006,"Rozinaldo Carneiro, Marlon Brandão",778,,https://www.letras.mus.br/garantido/1326245/
Garantido,O Retorno do Rei,Eu Amo Parintins,2021,"Mencius Melo, Domingos Barbugian, João Paulo Faria",673,,https://www.letras.mus.br/garantido/o-retorno-do-rei/
Garantido,O Rio e o Castanheiro,Boi Garantido - O Boi da Amazônia Vol.1,2002,"Gil Reis, Eder Lima, Claudir Texeira",787,,https://www.letras.mus.br/garantido/1326175/
Garantido,Oração da Terra,Eu Amo Parintins,2021,"Paulinho Du Sagrado, Marcos Moura",746,,https://www.letras.mus.br/garantido/oracao-da-terra/
Garantido,Oração das Águas,Vida,2015,David Jerônimo,892,,https://www.letras.mus.br/garantido/oracao-das-aguas/
Garantido,Orquestra Amazônica e a Ópera da Terra,Emoção,2009,,723,,https://www.letras.mus.br/garantido/1502977/
Garantido,Paixão Vermelha,Garantido: O Boi do Centenário,2013,,378,,https://www.letras.mus.br/garantido/paixao-vermelha/
Garantido,Paranákari,Uma Viagem Á Amazônia,1995,Tony Medeiros,390,,https://www.letras.mus.br/garantido/paranakari/
Garantido,Parintina,Garantido 2000,2000,Emerson Maia,667,,https://www.letras.mus.br/garantido/parintina/
Garantido,"Parintins, Fortaleza da Fé",,,,514,,https://www.letras.mus.br/garantido/parintins-fortaleza-da-fe/
Garantido,"Parintins, Um Berço Caboclo",,,Emerson Faria Maia,862,,https://www.letras.mus.br/garantido/parintins-um-berco-caboclo/
Garantido,Peles Vermelhas do Brasil,"Nós, o Povo",2019,"João Kennedy, Geandro Pantoja",855,,https://www.letras.mus.br/garantido/peles-vermelhas-do-brasil/
Garantido,Pescador de Fato,Templo das Eternas Lendas,1994,Emerson Maia,629,,https://www.letras.mus.br/garantido/pescador-de-fato/
Garantido,Pra Falar de Amor,Amazônia do Povo Vermelho 2,2022,"Robson Junior, Mauricio Filho, Domingos Barbugian",702,,https://www.letras.mus.br/garantido/pra-falar-de-amor/
Garantido,Prece Cabocla,Auto da Resistência Cultural,2018,"Marcos Moura, João Kennedy, Eneas Dias",652,,https://www.letras.mus.br/garantido/prece-cabocla/
Garantido,Radioativamente Bela,Amazônia do Povo Vermelho 2,2022,Mencius Melo,644,,https://www.letras.mus.br/garantido/radioativamente-bela/
Garantido,Reahú,Garantido 2003 ,2003,,638,,https://www.letras.mus.br/garantido/reahu/
Garantido,Resistência da Arte,Auto da Resistência Cultural,2018,"Geandro Pantoja, Demetrios Haidos",773,,https://www.letras.mus.br/garantido/resistencia-da-arte/
Garantido,Revolução Das Cunhãs,Somos o Povo da Floresta CD 2,2020,"Marcos Moura, João Kennedy, Eneas Dias",1087,,https://www.letras.mus.br/garantido/revolucao-das-cunhas/
Garantido,Romeiro de São José,"Amazônia, Coração Brasileiro",2004,Cezar Moraes,824,,https://www.letras.mus.br/garantido/1326168/
Garantido,Saritó,Uma Viagem Á Amazônia,1995,"Kamanxu, Bené Siqueira",421,,https://www.letras.mus.br/garantido/669764/
Garantido,Segue o Líder,Amazônia do Povo Vermelho 2,2022,Rozinaldo Carneiro,794,,https://www.letras.mus.br/garantido/segue-o-lider/
Garantido,Seiva,Tradição 2012,2012,"Geandro Pantoja, Demetrios Haidos",926,,https://www.letras.mus.br/garantido/seiva/
Garantido,Sempre Vencedor,Garantido: O Boi do Centenário,2013,Gerlean Brasil,630,,https://www.letras.mus.br/garantido/sempre-vencedor/
Garantido,Simbolo da Paixão,Boi Garantido - O Boi da Amazônia Vol.1,2002,"Rozinaldo Carneiro, Aldson Leão",621,,https://www.letras.mus.br/garantido/887824/
Garantido,Só Pra Brincar de Boi,Templo das Eternas Lendas,1994,Emerson Maia,458,,https://www.letras.mus.br/garantido/so-pra-brincar-de-boi/
Garantido,Sonho de Evolução,Miscigenação,2011,"Rafael Marupiara, Rafael Lacerda",686,,https://www.letras.mus.br/garantido/1944197/
Garantido,Sublimação,"Amazônia, Coração Brasileiro",2004,Tadeu Garcia,1125,,https://www.letras.mus.br/garantido/1326172/
Garantido,Suniá Paanam,"Terra, a Grande Maloca",2006,"Paulo Marinho, Renato Bagre, Helen Veras",700,,https://www.letras.mus.br/garantido/1326244/
Garantido,Tambores da Batucada,Amazônia do Povo Vermelho 2,2022,"João Neto, Paulinho Du Sagrado",677,,https://www.letras.mus.br/garantido/tambores-da-batucada/
Garantido,Tambores de Bem Querer,Garantido: O Boi do Centenário,2013,"Marcos Boi, Eneas Dias",994,,https://www.letras.mus.br/garantido/tambores-de-bem-querer/
Garantido,Terra Livre,Somos o Povo da Floresta CD 2,2020,"Marcos Moura, João Kennedy, Eneas Dias",956,,https://www.letras.mus.br/garantido/terra-livre/
Garantido,"Thiago de Mello, o Poeta da Amazônia",Amazônia do Povo Vermelho 2,2022,"Marcos Moura, João Kennedy, Eneas Dias",686,,https://www.letras.mus.br/garantido/thiago-de-mello-o-poeta-da-amazonia/
Garantido,Tira a Língua do Boi,Folguedo de São João,1992,"Tony Medeiros, Inaldo Medeiros",302,,https://www.letras.mus.br/garantido/tira-a-lingua-do-boi/
Garantido,Todos Os Sentidos,Vida,2015,"Lucas, Moisés, Rener Amazonas, Jorge Pontes",595,,https://www.letras.mus.br/garantido/todos-os-sentidos/
Garantido,Toque de Midas,"Lendas, Rituais E Sonhos",1996,Emerson Maia,770,,https://www.letras.mus.br/garantido/669766/
Garantido,Tradição da Ilha,Uma Origem Cabocla,1991,Thanga,233,,https://www.letras.mus.br/garantido/tradicao-da-ilha/
Garantido,Tradição Folclórica Da Amazônia (2006),"Terra, a Grande Maloca",2006,"Rosinaldo Carneiro, Marlon Brandão",856,,https://www.letras.mus.br/garantido/1017321/
Garantido,Tributo,,,Boi Garantido,719,,https://www.letras.mus.br/garantido/tributo/
Garantido,Tronco Tupy,Uma Viagem Á Amazônia,1995,"Mario de Andrade, Tony Mediros, Alex Pontes",306,,https://www.letras.mus.br/garantido/669769/
Garantido,Troncos,Boi Garantido - O Boi da Amazônia Vol.2,2002,"Leno Bentes, Frank Andrey Matos",357,,https://www.letras.mus.br/garantido/809400/
Garantido,Tsantsa,,,"Geandro Matos, Demetrius Haidos",1294,,https://www.letras.mus.br/garantido/tsantsa/
Garantido,Tum Tum,Guardiões da Amazônia,2007,"Helen Veras Filho, Ana Paula Perrone",449,,https://www.letras.mus.br/garantido/967463/
Garantido,Uma Nova Emoção,Uma Origem Cabocla,1991,"Paulinho Du Sagrado, Inaldo Medeiros",212,,https://www.letras.mus.br/garantido/uma-nova-emocao/
Garantido,Universo Tribal,Celebração,2016,Paulinho Du Sagrado,683,,https://www.letras.mus.br/garantido/universo-tribal/
Garantido,Vem Te Perfumar,Uma Origem Cabocla,1991,Braulino,335,,https://www.letras.mus.br/garantido/vem-te-perfumar/
Garantido,Vermelhor Universal,Emoção,2009,,675,,https://www.letras.mus.br/garantido/1502969/
Garantido,Vôo do Beija-flor,Garantido 2003 ,2003,,800,,https://www.letras.mus.br/garantido/voo-do-beija-flor/
Garantido,Vozes do Coração,Amazônia do Povo Vermelho 2,2022,"Vanderlei Alvino, Marlon Oliveira",1000,,https://www.letras.mus.br/garantido/vozes-do-coracao/
Garantido,"Xawára, O Monstro Devorador",O Boi da Preservação ,2008,"Vanderlei Alvino, Rossy do Carmos, Jacinto Rebelo",682,,https://www.letras.mus.br/garantido/1305319/
Garantido,"Ye Pá, A Deusa Da Criação",Boi Garantido - O Boi da Amazônia Vol.1,2002,"Marlon Brandão, João Melo, Eder Lima",783,,https://www.letras.mus.br/garantido/1326174/
Garantido,Yebá Burô,Vida,2015,"Rosinaldo Carneiro, Naferson Cruz",589,,https://www.letras.mus.br/garantido/yeba-buro/
